,title,link,image,author,discount,publisher,pubdate,isbn,description
0,"삶, 그 자취 (이정순 시집)",https://search.shopping.naver.com/book/catalog/32492747608,https://shopping-phinf.pstatic.net/main_3249274/32492747608.20221229071348.jpg,이정순,9000,밥북,20190607,9791158585563,"일상의 자취와 흔적을 찾는 이정순 시인 첫 시집

이정순 시인의 첫 시집으로 4부로 나누어 총 105편의 시를 실었다. 일상을 소재로 가족과 사랑, 친구와 꽃, 세상 사는 이야기 등을 꾸밈없고 간결한 시어로 표현하면서 제목처럼 삶의 자취와 흔적을 노래하고 있다. 독자는 또렷하면서도 거침없는 시인만의 시어를 통해 나와 다르지 않은 시인의 일상을 편안하게 엿보며 자기 삶의 자그마한 휴식과 위안을 얻을 수 있다. 
시인은 “중간에 십여 년을 절필했고, 일부는 소실되며 아쉬움이 남지만, 환갑 때쯤은 시집을 한 권 내겠다는 오래된 소망과 약속을 담아 이 시집을 완성했다”고 밝힌다."
1,주님의 자취 상 (이재록 목사의 요한복음강해),https://search.shopping.naver.com/book/catalog/32466685814,https://shopping-phinf.pstatic.net/main_3246668/32466685814.20221019101535.jpg,이재록,9000,우림,20090122,9788975571985,"이 책은 일반 독자층을 대상으로 한 책으로, 전문적인 내용을 비전공인 일반 독자들도 쉽게 이해할 수 있도록 풀어쓴 교양 도서이다."
2,주님의 자취 1,https://search.shopping.naver.com/book/catalog/32455468201,https://shopping-phinf.pstatic.net/main_3245546/32455468201.20221019142106.jpg,이재록,3600,우림북,20121214,9788975576607,"사도 요한의 생생한 증언을 담은 『주님의 자취』 제1권. 예수님의 생애를 가장 가까이에서 바라본 그를 통해 주님의 삶을 따라갈 수 있다. 묵상과 말씀 등을 수록해 자신을 점검하고, 하나님의 말씀을 마음에 새길 수 있도록 구성되었다."
3,자취의 맛 (유튜버 자취남이 300명의 집을 가보고 느낀 것들),https://search.shopping.naver.com/book/catalog/32794257618,https://shopping-phinf.pstatic.net/main_3279425/32794257618.20230919123407.jpg,자취남(정성권),13970,21세기북스,20220608,9788950902957,"“남의 집을 들여다본다는 건 
마치 새로운 사람을 사귀는 일처럼 흥미롭다”
30만 유튜버 ‘자취남’이 엿본 남의 집, 남의 삶

1인 가구가 전체 인구의 30%에 달하는 시대다. 요즘은 여러 가지 이유로 혼자 살고 있는 이들이 많다. 우리는 이들을 ‘자취생’이라고 부른다. 자취방이라고 하면 흔히 코딱지만 한 방 한 칸을 떠올린다. 하지만 요즘 자취생들은 그 작은 공간에서 자기만의 취향을 더하고 가치관을 반영해 각자의 삶을 꾸려나가고 있다. 

《자취의 맛》은 우리나라에서 남의 자취집을 제일 많이 방문해본 유튜버 ‘자취남’이 300곳이 넘는 자취집을 찾아가 방 안 구석구석을 들여다보며 엿본 자취생들의 삶을 이야기하는 책이다. 집 자체는 다 같은 평수의 방 한 칸인데, 그 안에서 어떻게 살고 있는지, 집에서 어떻게 시간을 보내고 어떤 아이템을 써서 살림을 하는지에 따라 전혀 다른 집이 된다. 이 책에서는 나이도, 직업도, 사는 곳도, 사는 방식도 다양한 가지각색의 사람들의 집을 들여다보며 수많은 1인 가구의 가장들과 각자 사는 모습을 나누고 서로 이야기하며 그들의 특별한 세계를 전한다."
4,자취 요리왕 3 (완결),https://search.shopping.naver.com/book/catalog/36409224619,https://shopping-phinf.pstatic.net/main_3640922/36409224619.20221228072714.jpg,가위,14850,뒹굴,20230125,9791164798636,"가진 거라곤 얄상한 얼굴과 고양이 현호밖에 없는 흙수저 대학생 정지호. 자취생의, 자취생에 의한, 자취생을 위한 요리 서바이벌 프로그램 〈자취요리왕〉에 참가하여 상금 5천만 원을 획득하기 위한 꿈에 부풀어 참가 신청서를 내고, 방송 무대까지 진출하게 된다! 하지만 우승을 위해선 단순한 요리 실력이 아닌 팬덤을 형성할 수 있는 무언가가 더 필요한데…. ""야, 내가 좋은 생각이 있는데. 비즈니스 게이 퍼포먼스라고…….""



정지호의 비게퍼 파트너 최우혁. 생긴 건 기럭지 최강 남신 모델급이지만 재수없고 양아치같이 생긴 X새끼에 인성은 파탄난 소시오패스고 말 한마디 할 때마다 주둥이를 팍 쳐서 싸물게 만들고 싶은 호로방탱이인데. 서로의 이익을 위해 그렇게 최우혁과 정지호는 비지니스 파트너가 된다.



많은 독자들의 사랑을 받은 만큼 단행본 출간을 기념해 가위 작가가 새롭게 그린 일러스트를 활요한 다양한 굿즈와 함께 구성한 리미티드 에디션도 발매하게 되었다. 굿즈는 독자들이 가장 좋아하는 아이템인 아크릴 스탠드 3종, 일러스트 럭스 카드 3종, 인생네컷 등으로 구성했다. 특히 아크릴 스탠드는 주인공 지호, 우혁과 더불어 서브 캐릭터인 종한까지도 모두 구성해 독자들의 기대가 클 것이다. 아크릴 스탠드와 더불어 모든 굿즈는 기존에 없던 새로운 일러스트로 제작해 소장 가치를 더욱 높였다."
5,자취 요리왕 2,https://search.shopping.naver.com/book/catalog/36410329634,https://shopping-phinf.pstatic.net/main_3641032/36410329634.20221230073003.jpg,가위,14850,뒹굴,20230125,9791164798629,"가진 거라곤 얄상한 얼굴과 고양이 현호밖에 없는 흙수저 대학생 정지호. 자취생의, 자취생에 의한, 자취생을 위한 요리 서바이벌 프로그램 〈자취요리왕〉에 참가하여 상금 5천만 원을 획득하기 위한 꿈에 부풀어 참가 신청서를 내고, 방송 무대까지 진출하게 된다! 하지만 우승을 위해선 단순한 요리 실력이 아닌 팬덤을 형성할 수 있는 무언가가 더 필요한데…. ""야, 내가 좋은 생각이 있는데. 비즈니스 게이 퍼포먼스라고…….""



정지호의 비게퍼 파트너 최우혁. 생긴 건 기럭지 최강 남신 모델급이지만 재수없고 양아치같이 생긴 X새끼에 인성은 파탄난 소시오패스고 말 한마디 할 때마다 주둥이를 팍 쳐서 싸물게 만들고 싶은 호로방탱이인데. 서로의 이익을 위해 그렇게 최우혁과 정지호는 비지니스 파트너가 된다.



많은 독자들의 사랑을 받은 만큼 단행본 출간을 기념해 가위 작가가 새롭게 그린 일러스트를 활요한 다양한 굿즈와 함께 구성한 리미티드 에디션도 발매하게 되었다. 굿즈는 독자들이 가장 좋아하는 아이템인 아크릴 스탠드 3종, 일러스트 럭스 카드 3종, 인생네컷 등으로 구성했다. 특히 아크릴 스탠드는 주인공 지호, 우혁과 더불어 서브 캐릭터인 종한까지도 모두 구성해 독자들의 기대가 클 것이다. 아크릴 스탠드와 더불어 모든 굿즈는 기존에 없던 새로운 일러스트로 제작해 소장 가치를 더욱 높였다."
6,자취 요리왕 1,https://search.shopping.naver.com/book/catalog/36409223619,https://shopping-phinf.pstatic.net/main_3640922/36409223619.20221227210016.jpg,가위,14850,뒹굴,20230125,9791164798612,"가진 거라곤 얄상한 얼굴과 고양이 현호밖에 없는 흙수저 대학생 정지호. 자취생의, 자취생에 의한, 자취생을 위한 요리 서바이벌 프로그램 〈자취요리왕〉에 참가하여 상금 5천만 원을 획득하기 위한 꿈에 부풀어 참가 신청서를 내고, 방송 무대까지 진출하게 된다! 하지만 우승을 위해선 단순한 요리 실력이 아닌 팬덤을 형성할 수 있는 무언가가 더 필요한데…. ""야, 내가 좋은 생각이 있는데. 비즈니스 게이 퍼포먼스라고…….""



정지호의 비게퍼 파트너 최우혁. 생긴 건 기럭지 최강 남신 모델급이지만 재수없고 양아치같이 생긴 X새끼에 인성은 파탄난 소시오패스고 말 한마디 할 때마다 주둥이를 팍 쳐서 싸물게 만들고 싶은 호로방탱이인데. 서로의 이익을 위해 그렇게 최우혁과 정지호는 비지니스 파트너가 된다.



많은 독자들의 사랑을 받은 만큼 단행본 출간을 기념해 가위 작가가 새롭게 그린 일러스트를 활요한 다양한 굿즈와 함께 구성한 리미티드 에디션도 발매하게 되었다. 굿즈는 독자들이 가장 좋아하는 아이템인 아크릴 스탠드 3종, 일러스트 럭스 카드 3종, 인생네컷 등으로 구성했다. 특히 아크릴 스탠드는 주인공 지호, 우혁과 더불어 서브 캐릭터인 종한까지도 모두 구성해 독자들의 기대가 클 것이다. 아크릴 스탠드와 더불어 모든 굿즈는 기존에 없던 새로운 일러스트로 제작해 소장 가치를 더욱 높였다."
7,하얀 자취 (김지희 산문집),https://search.shopping.naver.com/book/catalog/32506160803,https://shopping-phinf.pstatic.net/main_3250616/32506160803.20221229073816.jpg,김지희,12600,이가서,20150511,9788958643135,"일상의 희망을 섬세하게 묘사한 김지희 산문집. 안경과 치아교정기를 하고 웃고 있는 소녀 Sealed smile 시리즈로 유명한 김지희 작가. 국내와 해외에서 150여회의 전시를 가지며 꾸준히 글을 써 온 화가 김지희가 유려한 필치와 작가 특유의 섬세한 표현력으로 한 폭의 그림 같은 글을 책으로 엮었다. 



&lt;하얀 자취&gt;는 한 인간이 겪는 지극히 평범한 일상의 순간을 작가만의 시선으로 풀어낸 기록이다. 작가는 자연과 일상이 주는 보편성 안에서 가장 중요한 순간은 어제도 내일도 아닌 '오늘'임을 말한다. 타인의 시선에서 자유로워지는 용기, 비교에서 벗어나 스스로 행복해지는 법, 열정과 희망을 잃지 않는 길을 여행과 예술, 삶 주변의 소소한 대상을 통해 깨우친다. 특히 동양화의 5가지 색 이름인 선황, 지분, 백록, 양홍, 호분으로 나누어진 챕터에는 한 챕터를 아우르는 단편소설이 담겨있어 눈길을 끈다."
8,숨결 그 자취를 찾아서 (손수여 제5시집),https://search.shopping.naver.com/book/catalog/32489353950,https://shopping-phinf.pstatic.net/main_3248935/32489353950.20230920071811.jpg,손수여,9000,한글,20180925,9788970735542,"우주 안의 존재
그냥 생겨난 게 어찌 있으랴
숨결, 그 자취를 더듬어 간다

나 같은 나를 그리고 
시다운 시를 쓰고 싶다
한 편이라도 내 색깔의 시를

이 바람을 찾아
쉼 없이 다가서리라

아직은 너무나 먼
그 날을 만나기 위하여

 무술년 국추절에
 월촌재에서   손수여 쓰다."
9,"해밑섬, 일본을 걷다 (고대 한반도 이주민들의 장대한 자취를 찾아가는 역사기행)",https://search.shopping.naver.com/book/catalog/42372349625,https://shopping-phinf.pstatic.net/main_4237234/42372349625.20230912083603.jpg,이재일,15300,이서원,20230901,9791189174989,"한반도인의 일본 이주 고대사를 기행하다

‘해밑섬’이라함은 일본의 일(日)은 우리말 ‘해’이며 본(本)은 우리말 ‘밑’을 뜻하는 현재의 일본 열도를 뜻한다.
이 책은 기 원전 3세기경부터 시작하여 기원후 7세기까지의 약 1000년에 걸쳐 펼쳐졌던 한반도인들의 일본열도로의 장대한 이주의 자취를 찾아가는 역사기행이다.

저자는 도쿄에 살고 있던 어느날 도쿄평야에 남아있는 고구려 이주민들의 역사를 알게되고 놀라움을 금치 못한다. 저자가 그때까지 알지 못했고 배운 적도 없는 새로운 사실이었기 때문이다. 우리 선조들이 언제 어떻게 무슨 이유로 이곳까지 왔을까를 궁리하던 중 재일 역사가 김달수씨의 한반도 도래인에 관한 연구를 접하게 된다. 그의 책에는 고구려인 뿐만 아니라 도쿄평야의 북쪽에 남아있는 신라인과 가야인의 발자취에 대한 기록도 있었다.

도쿄평야에 남겨진 한반도 이주 집단의 역사를 알아보는 과정에서 시간을 두고 겹겹이 쌓여온 지층과 같은 한반도 이주민들의 역사를 알게되고 그들이 도쿄평야를 개척한 주역이었을 수도 있다는 생각이 들면서 그렇다면 과연 우리가 알고 있던 일본열도의 본토인이라는 일본인이란 누구인가에 대한 생각을 하게된다. 또한 이 고대의 한반도 이주민들이 시간이 지나면서 중세에는 어떻게 되었을까 하는 의문을 풀어보기 시작한다.

저자는 도쿄 지방을 시작으로 역사기행의 범위를 넓혀가며 한반도 선조들의 고대 이주의 역사가 남아있는 일본열도 내의 여러 현장을 방문하기 시작한다. 역사기행의 범위는 도쿄평야에서 일본열도의 본섬인 혼슈의 북쪽 해안으로 이어지고 세토내해 양안, 교토 주변, 오사카 남쪽의 가와치, 나라와 아스카 그리고 규슈 전역에 이르기까지 한반도 이주민들의 자취가 남아있는 일본열도 전지역에 걸쳤다.

저자는 기행과 더불어 한일고대사에 관한 기존의 모든 역사 가설들을 폭넓게 살펴보고 이 가설들 사이에 공통적인 부분을 발견한다. 확실한 것은 기원전부터 시작된 한반도로부터 일본열도로의 초기 이주, 이주의 주체에 대해서는 이견이 있지만 기원후 3~4세기에 일어난 강력한 한반도 세력의 일본열도 진출과 이를 전후한 집단 이주, 그리고 5~6세기에 나타난 백제계 세력의 일본열도에 대한 영향력 증대 등이다.

저자는 귀국 후 우리 고대국가들의 초기역사를 살펴보며 국내의 답사활동을 계속하였다. 일본열도에서 보고 알게된 것들과 우리 고대사와의 연관성을 확인하기 위해서였다.

이러한 역사기행의 기록과 한일고대사의 가설들을 3편의 책으로 정리하였고 이 책은 그 첫번째 편이다."
0,력사의 자취 (북한의 소설),https://search.shopping.naver.com/book/catalog/32496160998,https://shopping-phinf.pstatic.net/main_3249616/32496160998.20221019124534.jpg,김종회,79200,국학자료원,20120615,9788927901716,"「북한문학 연구자료총서」제3권『력사의 자취』. 남북한 문화통합과 한민족 문학의 연구를 목적으로 한 북한문학 연구총서이다. 제3권에서는 이기영의 , 최명익의 , 한설야의 , 이춘진의 , 이태준의 , , 윤세중의 , 김남천의 , 이북명의 ,  황건의 , 김형교의 , 권정웅의 , 조희건의 , 강복례의 , 한웅빈의  등을 담고 있다. 1945년 ‘평화적 민주건설 시기’부터 현재에 이르기까지 각 시기를 대표하는 북한 소설의 대표적 작품들을 모아 소설로 당시의 북한을 이해할 수 있다."
1,남명의 자취,https://search.shopping.naver.com/book/catalog/32496581619,https://shopping-phinf.pstatic.net/main_3249658/32496581619.20221229071331.jpg,이창호^김경수,18000,글로벌콘텐츠,20140820,9791185650555,"조선 중기 영남의 강우학파를 이끌었던 실천성리학자 남명 조식에 대한 완벽한 안내서이다. 책의 내용은, 남명이 거주했던 덕산 합천 김해에 남아 있는 그의 사적지에 대한 자세한 설명과 각 사적지에 걸려 있는 모든 종류의 현판, 그의 죽음 이후 그의 생애와 업적에 관한 일차적인 기록물인 행장·묘갈명·신도비명·묘지명, 생전에 임금이 내린 교지, 그가 남긴 유품, 그가 생전에 찾았던 명소에서 남긴 시 그리고 그의 부모와 부인 및 아들의 묘비명까지를 망라하여 번역문과 원문을 함께 수록하고 있다. 



따라서 이 책은 지금까지 없었던 새로운 개념의 답사자료집이자 역사 인물 연구의 지침서라고 할 수 있다. 또한 일반인부터 전문가에 이르기까지 누구나가 쉽게 읽고 이해할 수 있도록 최대한의 편의를 제공한 전문학술서이자 입문서로서의 역할을 동시에 할 수 있도록 구성되었다."
2,자취요리왕 리미티드 에디션 (아크릴 스탠드 3종 + 일러스트 럭스 카드 3종 + 인생네컷),https://search.shopping.naver.com/book/catalog/36410337625,https://shopping-phinf.pstatic.net/main_3641033/36410337625.20221229071839.jpg,가위,79200,해피북스투유,20230125,9791164798643,"*비게퍼: ‘비즈니스 게이 퍼포먼스’의 줄임말.

가진 거라곤 얄상한 얼굴과 고양이 현호(검을 현, 호랑이 호)밖에 없는 흙수저 대학생 정지호.
자취생의, 자취생에 의한, 자취생을 위한 요리 서바이벌 프로그램 〈자취요리왕〉에 참가하여 상금 5천만 원을 획득하기 위한 꿈에 부풀어 참가 신청서를 내고, 방송 무대까지 진출하게 된다!
하지만 우승을 위해선 단순한 요리 실력이 아닌 팬덤을 형성할 수 있는 무언가가 더 필요한데…….
""야, 내가 좋은 생각이 있는데. 비즈니스 게이 퍼포먼스라고…….""
""…….""
""너랑 내가 비게퍼를 하면…""
""…….""
정지호의 비게퍼 파트너 최우혁. 생긴 건 기럭지 최강 남신 모델급이지만 재수없고 양아치같이 생긴 X새끼에 인성은 파탄난 소시오패스고 말 한마디 할 때마다 주둥이를 팍 쳐서 싸물게 만들고 싶은 호로방탱이인데. 서로의 이익을 위해 그렇게 최우혁과 정지호는 비지니스 파트너가 된다."
3,나 없이 자취하지마라 (슬기로운 1인 가구 라이프),https://search.shopping.naver.com/book/catalog/32496892348,https://shopping-phinf.pstatic.net/main_3249689/32496892348.20231229070833.jpg,오정희^정단비,13500,뮤즈(MUSE),20211120,9791191677133,"자취 - (명사)손수 밥을 지어 먹으면서 생활하는 것.

이렇게 사전적 의미를 볼 때 자취는 사람이 살아가는데 있어서 가장 기본적인 행위이다. 

그러나 어떤가? 

이제는 200만 가구를 넘어버린 1인 가구, 즉 자취러들에게 있어 자취란 그리 쉬운 것이 아니다. 이제 13년차 자취 생활에 접어든 작가의 경우도 그러하다.

자취를 하며 누리는 독립은 무한한 자유를 안겨주지만 그만큼 홀로 모든 것을 책임져야한다. 힘겨운 하루 일과를 마치고 집에 들어오면 눈에 밟히는 쌓아놓은 설거지거리, 어질러진 빨래, 우체통을 초라하게 채운 고지서, 한 달 식비, 월세… 생각만 해도 눈앞이 아찔해지는 것들이다.
 
누구나 자취를 하면서 이런 생각 한 번쯤은 해봤을 것이다. 

“정말 이대로 괜찮은가?”
 
이에 대한 작가의 답은 ‘그렇지 않다’이다. 

드라마나 영화에서나 볼 수 있는 현실과는 동떨어진 판타스틱한 자취는 아니더라도 지금 나에게 주어진 이 환경을 스스로 컨트롤하고 헤쳐 나가고 싶다. 이러한 생각은 분명 작가뿐만 아니라 모든 자취러들이 가지고 있을 것이라 확신한다.

그래서 뮤즈출판사에서는 국내 최초 1인 가구 전문 미디어 '데일리팝'을 창간한 정단비 대표와 오정희 이사가 만든 슬기로운 1인 가구 라이프를 위한 지침서 『나 없이 자취하지 마라』를 펴냈다. 

이 책에는 혼족(혼자사는 사람들)을 위한 집구하기부터 살림노하우, 자취생을 위한 돈 관리 노하우, 청소와 요리 등 실 생활에 필요한 자취 꿀팁과 자취선배들의 에세이들을 한 권에 모두 정리했다.

자취를 시작하는 이들이라면 한 번쯤 챙겨봐야 할 지침서이자 생활백서가 되어줄 것이다."
4,사도 요한이 들려주는 주님의 자취 2,https://search.shopping.naver.com/book/catalog/32455354647,https://shopping-phinf.pstatic.net/main_3245535/32455354647.20231215070756.jpg,이재록,3600,우림,20130307,9788975576720,"『주님의 자취(두번째)』는 영적 믿음을 성장시키는 징검다리 교재이다. 예수님의 십자가 고난과 부활, 승천에 담긴 사랑의 섭리, 성령을 받아 권능의 증인이 되기를 당부하시는 주님의 마지막 메시지 등이 담겨 있다."
5,"이거 정말 맛있습니다 (맛있는 요리의 지름길, 치트키가 있다면 바로 유튜버 자취요리신)",https://search.shopping.naver.com/book/catalog/32473020226,https://shopping-phinf.pstatic.net/main_3247302/32473020226.20230912083450.jpg,자취요리신,19800,종이향기,20220430,9791191292527,"자취 요리 스페셜 리스트 121가지 심플 레시피!

박무땡이라는 예명으로 활동 중인 구독자 103만명의 유튜버 자취요리신의 요리 비법 레시피를 담은『이거 정말 맛있습니다』  거창한 재료가 아닌, 간단한 재료로도 근사한 한끼가 뚝딱 완성되는 121가지 심플쿡 레시피가 수록되어 있다. 요리를 전혀 못해도 한식부터 양식, 중식은 물론 디저트까지 뚝딱! 누구나 손쉽게 만들어 먹을 수 있는 자취 요리를 주로 다룬다.

스팸 숙주 볶음, 스팸가스, 크림만두, 순두부 라면, 두부 콩국수, 삼겹살 두부 김치, 된장 스팸 덮밥, 마파두부, 참치 마요 비빔밥, 떡만두국, 묵은지 등갈비 찜 등 간단한 재료로 근사한 요리를 5분 컷에 완성할 수 있다. 바쁘다 바빠 현대 사회의 자취생들에게 필요한 초초 간단 레시피를 만나보자."
6,[POD] 말자취,https://search.shopping.naver.com/book/catalog/32457423168,https://shopping-phinf.pstatic.net/main_3245742/32457423168.20221229072910.jpg,고성준,13500,글ego,20190708,9791196749637,"외부와 자신의 거리를 좁혀야 현재보다 수월한 미래가 존재하는 세상. 이 세상은 이를 재촉하고, 사이에 장애물을 놓기 위해 안달복달이다. 갈수록 바쁘고 치열해지는 현실에 적응하기 위해 자신과 내면의 거리는 벌어진다. 너무 멀어서 서로가 보이지 않으면 세상에 완벽하게 스며든 것일까. 궁극적인 근원이 어딘지도 모를 끊임없는 요구를 평생 맹목적으로 수행한다면, 어떤 결과가 우리를 기다릴까. 죽음이다. 인간에게 주어진 시간은 한정적이고, 자연은 그 시간 안에 인간을 흙 밑으로 끌어내릴 기회를 호시탐탐 노린다. 이에 더해 사회는 두 가지 선택을 할 수 있다. 땅에 빨려드는 인간을 붙잡거나, 그대로 쑤셔 박거나. 우리는 구원 받거나, 버림 받는 두 가지 선택지를 향하여 주 100시간 이상 공부하고, 주 50시간 이상 회사에 붙어있는 게 아니다. 각자의 기준에 부합하는 인간다운 삶을 살기 위해 시간과 에너지를 투자하는 것이다. 다만 그 결과물이 돈이라는 물질적 한계를 벗어나지 못한 경우가 대부분이기에 의미가 퇴색 된다. 무엇을 하기 위해 돈이 들지 않는다면 서슴없이 할 수 있는 것이 많다. 경비 없이 여행을 가거나, 강의료 없이 음악, 운동, 기술 등을 배울 수 있다면, 당장이라도 시도할 사람들이 많을 것이다. 지척에 놓인 먹고살 문제부터 해결해야 다음을 누릴 수 있다. 기본적인 한계가 생각보다 높기 때문에 개인과 내면은 영영 결합하지 못하고 끝나기도 한다. 하지만 이 사회 또한 인간이 만든 것이다. 바쁜 일상 속에서도 자아를 찾으려는 노력을 보았다. 10편의 노력이 묶여 하나의 책이 나왔다. 이런 행위가 점
차 사회 전체에 전염병처럼 퍼진다면, 그땐 노력이 아니라 일상이 될것이다.

- 라아팅리더 소설가 정성우"
7,남도순례 (미국 남장로교 선교사들의 선교 사역 자취),https://search.shopping.naver.com/book/catalog/34861783298,https://shopping-phinf.pstatic.net/main_3486178/34861783298.20230920071246.jpg,강신덕^김덕진,18000,토비아,20220926,9791191729139,"“남장로교 선교사들의 선교적 헌신의 정신을 배우는 남도 순례”
“남장로교 선교사들의 소명과 희생, 봉사와 헌신을 배우는 순례 안내서”
“남도길 순례 여행을 통한 신앙 교육과 사역자 훈련의 기회”

1. 미국 남장로교 선교사들의 남도 일대 선교적 헌신의 자취를 따르는 순례
2. 새로운 부르심과 사명으로 일어서기를 원하는 이들을 위한 완벽한 국내 순례 안내서
3. 교회 공동체의 신앙교육과 헌신자들을 양성에 적합한 국내 순례 프로그램 지침서

  조선이 개화하던 1800년대 말 미국 남장로교회의 열정적인 일곱 명의 젊은이들은 조선 땅과 사람들에게 복음을 전하기 위해 이 땅에 들어왔다. 남장로교 선교사들은 이미 들어와 있던 북장로교 선교사들와 협정을 맺고 전라남북도를 주 선교지로 선택했다. 그리고 1893년부터 전주와 군산, 목포와 광주 그리고 순천으로 이어지는 선교의 행진을 이어갔다. 그들의 헌신적인 선교 행진은 1940년 미국과 일본 사이 태평양 전쟁이 발발하는 시점까지 계속되었다. 남장로교 선교사들은 남도의 주요 도시들에 그들의 거점이 될만한 선교 스테이션을 구축하고 그곳에 학교와 병원, 교회 등을 비롯한 다양한 시설을 마련하고서 주변에 복음을 전하는 동시에 의료와 교육적인 사역도 병행했다. 

  남장로교회 선교사들의 스테이션 중심 선교활동은 대한제국을 거쳐 일제 강점기의 암흑기로 넘어서던 시절 남도 사람들에게 큰 힘과 희망이었다. 남도 사람들은 남장로교 선교사들의 헌신적인 사역으로 의료 혜택을 누리고 새로운 내용과 방식의 교육을 받을 기회를 얻었으며 무엇보다 예수 그리스도의 복음을 듣고 믿어 참된 신앙인으로 거듭난 삶을 살게 되는 길도 얻었다. 남장로교 선교사들의 복음전도와 교육선교 그리고 의료선교 사역은 남도 일대에 큰 변화와 발전을 가져왔다. 당시 수도였던 경성과 먼 거리, 식량 생산 기지 정도로밖에 여겨지지 않던 남도에 대한 낙후된 인식이라는 부정적인 상황에도 남장로교 선교사들은 그 땅 사람들에 보다 나은 삶으로 나와 일어설 수 있도록 도왔다. 특히 한센병 환자들이나 결핵 환자들 그리고 어린이와 여성들에게 남장로교 선교사들은 마치 생명줄과도 같은 존재였다. 

  남장로교 선교사들의 사역은 남도 땅 곳곳에서 귀한 결실로 나타났다. 목포와 광주 사역을 거치면서 선교사들에게는 김윤수나 최흥종과 같은 훌륭한 현지 조력자들이 나타났다. 그들은 헌신적으로 선교사들의 사역을 도왔고 특히 그들이 광주에 스테이션을 건설하는 일에 큰 도움을 주었다, 최흥종은 특히 훌륭한 조력자였다. 그는 광주 선교사들에게 한센병 환자를 치료할 수 있는 자리를 내어주었고 그 스스로 한센병 환자들을 위한 봉사자로, 사역자로 평생 헌신했다. 최흥종과 윌슨과 같은 남장로교 선교사들의 노력은 여수에서의 사역으로 이어졌다. 그리고 거기 여수에서 남장로교회 선교사들은 그들이 예상한 것을 훨씬 뛰어넘는 위대한 선교적 결실을 보게 된다. 

  이 책은 1893년부터 1940년대까지 계속된 미국 남장로교 선교사들이 벌인 남도 선교와 사역을 재조명하고 그들이 세우고 헌신했던 각 선교 스테이션들을 탐방 방문하는 가운데 신앙과 사역, 선교와 목회의 귀중한 교훈을 나누려는 목적으로 제작되었다. 독자들은 이 책과 함께 남도 곳곳 남장로교 선교사들의 사역지들을 여행하면서 선교사들과 그들의 조선인 조력자들이 이룬 다양한 결실들을 보고 나누는 가운데 참된 인생과 참된 신앙의 길, 사역의 의미를 재발견하도록 꾸며져 있다. 이 책은 그래서 국내 순례를 목적으로 하는 교회 공동체가 함께 읽고 나누는 가운데 순례하며 읽을 것을 제안한다. 혹은 개인이 이 책이 안내하는 길을 따라 직접 순례 여행을 떠나는 것도 제안한다. 책을 읽으며 오늘 그곳을 순례하는 일이 결국 성경의 하나님의 백성의 삶과 사역의 의미를 깊이 깨닫는 것이며 그렇게 우리 자신도 선교적 사명으로 나아갈 길을 모색하게 되기를 바란다."
8,백두대간의 자취소리 1 (김기태 산행기 | 함께 밧줄을 잡고 함께 의지하며 걷는 길),https://search.shopping.naver.com/book/catalog/32496160984,https://shopping-phinf.pstatic.net/main_3249616/32496160984.20221019115604.jpg,김기태,13500,해드림출판사,20140925,9791156340508,산악회 동료들과 백두간을 오르며 겪은 에피소드들을 엮은 [백두대간의 자취소리] 제1권. 전문 산악인이 아닌 저자가 산악회 동료들과 함께 밧줄을 잡고 함께 의지하며 걸은 길을 에세이로 담았다.
9,삶따라 자취따라 다산 정약용,https://search.shopping.naver.com/book/catalog/49070385621,https://shopping-phinf.pstatic.net/main_4907038/49070385621.20240720071117.jpg,윤동환,22500,다산문화원,20240616,9791195546916,
0,[POD] 자취,https://search.shopping.naver.com/book/catalog/32484721772,https://shopping-phinf.pstatic.net/main_3248472/32484721772.20220520143941.jpg,김영훈,6000,부크크(bookk),20171226,9791127229771,"""혼자 살며 이리저리 
생각한 것을 담았습니다.
글을 잘쓰는 것도 아니고
천재도 아니지만 
제 염세와 감성을 담았습니다.

18은 욕이기에 
책 페이지에서
제거했답니다."""
1,책 속을 걷다 (통찰의 자취를 찾아),https://search.shopping.naver.com/book/catalog/32477079633,https://shopping-phinf.pstatic.net/main_3247707/32477079633.20230920071806.jpg,하창수,18000,전망,20210805,9788979735482,"약 6천 년 전, 기원전 800년부터 기원전 200년에 걸쳐, 중국, 인도, 그리스에서 인간 의식의 바탕을 이루는 정신적 사건들이 일어나, 이것이 오늘날까지 우리 삶의 토대가 되고 있다. 이 무렵부터 인간의 여러 가지 근본 문제들이 종교적, 철학적으로 제기되었고, 이에 대한 여러 가지 해답들이 나와, 아직도 우리에게 기준을 제공하고 있다. 
칼 야스퍼스는 이 시기를 ‘차축시대’라고 부르며, 이때부터 중국과 인도와 유럽에서, 세 갈래 병행하는 발전의 길이 열렸다고 본다. 따라서 서양의 종교와 학문은 차축시대에 해당하는 그리스 철학에서 시작되고, 중국의 학문은 제자백가에서 시작되며, 인도의 종교와 철학 역시 이 시기의 베다와 우파니샤드에서 비롯되는 셈이다. 
철학자 화이트헤드의 “서양 철학사는 플라톤에 대한 주석에 불과하다”는 명제도 이러한 사정을 반영한 것이다. 이에 견주어 말한다면, “중국 철학사는 공맹과 노장의 주석에 불과하다”는 말을 할 수 있을 것이다. 

이 책은 이러한 견지에서, 인간이 살아가면서 부딪히는 보편적인 문제, 곧 인간과 만물, 삶과 죽음, 선과 악, 소유와 존재, 존재와 인식, 이론과 실천, 정통과 이단, 성장과 성숙 등 38가지 항목의 중요한 인간사에 대한 의문과 답변을, 차축시대로부터 현대에 이르는 동서고금의 사상가들의 통찰에 힘입어 살펴본 것이다."
2,"엄마는 모르는 스무 살 자취생활 (생활과 생존 사이, 낭만이라고는 없는 현실밀착 독립 일지)",https://search.shopping.naver.com/book/catalog/35305405982,https://shopping-phinf.pstatic.net/main_3530540/35305405982.20230906071410.jpg,빵떡씨,13320,자음과모음,20221017,9788954448536,"생활과 낭만의 영역 사이에
벌어지는 웃픈 자취 일상
*
때론 슬프지만 x 매일 유쾌하게 
나만의 방식대로 x 즐겁게 삽니다!

독립을 선언한 K-남매의 우당탕탕 공동 자취 구역 
생활과 생존 사이에서 벌어진 웃픈 현실 
생활력 0%에서 시작합니다! 

 쌍둥이 남동생과 바람 잘 날 없는 동거를 시작한 빵떡씨의 웃픈 일상을 기록한 독립 에세이. 독립의 자유를 만끽하는 것도 잠시, 나 하나 먹여 살리기 버거운 현실을 정통으로 마주하게 된 20대 빵떡씨의 좌충우돌 현실밀착 자립기를 담았다. 자취 초보에게는 깊은 공감을, 자취 고수에게는 과거의 향수를 불러일으키는 생생한 일상 속 서른 가지 에피소드를 눈물을 잉크 삼아 꾹꾹 눌러 담았다. 처음이라 서툴고, 거듭 겪어도 도무지 익숙해지지 않는 인생의 크고 작은 고난에도 작가는 결코 유머를 잃지 않는다. 자신의 불행을 짧은 이야기 속에 유쾌하게 녹여내 일상 속 즐거움과 행복을 발견해내고 만다. 

집 떠나 마주한 독립은 낭만은커녕 사건만 가득
“아무리 슬프고 힘들어도, 일단 킵고잉!“
작고 소중한 일상을 유쾌하게 살아가는, 사랑하는 방법

왕복 4시간 통근에서 벗어나 독립만 하면 마냥 행복할 줄 알았는데… 현실은 상상과는 정반대?! 갑작스러운 벌레의 습격에 뜬 눈으로 밤을 지새우고, 빨래와 고구마 줄기랑 한바탕 사투를 벌이질 않나, 집 밖 소음이 모닝콜이 되는 마법을 경험하고, 중고 가구들로 정체성을 알 수 없게 된 내 방 인테리어까지. 집, 생활, 동거, 정서적 독립, 부모님과 여전히 갈등을 빚기도 하는 우당탕탕 하루들이 끊임없이 이어진다. 
눈물 쏙 빠지는 웃픈 일상에도 불행 중 다행은 있다! 좁은 집 공간을 두고 전쟁을 벌이는 남동생과 퇴근 후 수다로 하루의 고단함을 털어버리고, 고통 가득한 집안일 실패담은 가족과 나눌 수 있는 담소거리가 된다. 솟구치는 퇴사 욕구는 자기 삶의 결정권과 선택에 대한 깨달음의 계기가 되기도 하고, 자취 경력이 쌓이니 부모님과의 갈등도 유연하게 넘기는 기술도 얻게 된다. 
살면서 겪지 못한 수많은 처음을 마주하고 ‘나’의 삶을 책임지는 방법을 배워가는 자취와 독립. 낭만이라고 말할 수 없는 이 고달픈 현실을 피하지 않고 마주하면서, 제로였던 생활력을 빵떡씨는 조금씩 늘려간다. 매일 반복되는 고단함과 시행착오를 웃어 넘기며 일상의 작은 순간들을 있는 그대로 바라보고, 나만의 이야기로 엮어 나가는 빵떡씨의 일상을 통해, 읽는 이도 독립의 소소한 기쁨이 매일매일 차곡차곡 쌓이는 기분을 함께 느낄 수 있을 것이다."
3,신라 천년의 자취 소리,https://search.shopping.naver.com/book/catalog/32441033719,https://shopping-phinf.pstatic.net/main_3244103/32441033719.20221019145908.jpg,조성원,11700,해드림출판사,20140310,9791156340188,이 책은 56대 경순왕에서 끝나는 신라 책인 만큼 이 책에는 56편의 글이 실려 있다. 저자는 클래식한 신라가 아니라 현재와 호흡하는 신라의 이야기를 들려준다.
4,청년을 위한 자취백서 (컬러판),https://search.shopping.naver.com/book/catalog/32458962145,https://shopping-phinf.pstatic.net/main_3245896/32458962145.20220519141416.jpg,심준보^고결^최원태,8000,부크크(bookk),20201118,9791137223653,"이 책으로 조금이나마 도움이 되었으면 좋겠습니다.
대학생시절, 기숙사대신 자취방을 선택한 대학생시절 처음 부동산이라는 것에 대해 만나게 되었습니다. 같은 가격에 조금 더 학교랑 가까운 자취방, 조금 더 깨끗하고 조용한 자취방을 구하고 싶었지만 어려웠습니다. 자취 생활을 끝내고 취업을 하게 되어 다시 시작해야하는 자취 생활, 두 번째 부동산과 마주하게 되었습니다. 대학생 때보다 조금 더 규모를 늘려 오피스텔과 조금 더 넓은 투룸이 눈에 들어오기 시작했던 기억이 납니다.
그리고 직장생활과 사회생활을 하다보며 아파트로 가서 생활 해보고 싶은 생각도 자주 듭니다. 
의식주 중에서 기본이 되는 집은.. 우리 청년에게 많은 걱정이 되고 있는 것이 사실입니다. 그들에게 이 책을 공유하여 조금이라도 도움이 되었으면 좋겠습니다. 
 - 심준보, 고결, 최원태 -"
5,자취요리 대작전 (만화로 따라 하는 자취요리),https://search.shopping.naver.com/book/catalog/32440552966,https://shopping-phinf.pstatic.net/main_3244055/32440552966.20221227205154.jpg,박성린,8550,삼인,20100525,9788964360118,"누나 셋 밑에서 ‘곱게 자란’ 박성린은 대학에 들어가 자취를 하면서 밥하는 법을 본격적으로 배우기 시작했다. 자취 생활 10년에 이제 그는 꽂이전, 만두전골, 월남쌈까지 못 하는 요리가 없는 궁극의 요리사가 되었다. 그리고 그동안 숱한 시도로 터득한 그만의 요리 비법을 만화로 그려냈다.



‘요리 잘하는 자취생’이었던 박성린은 이제 ‘요리 잘하는 남편’이 되었다. 그전에는 주로 술안주 겸 밥반찬을 많이 만들었다면, 결혼하고 나서는 집안 식구 입맛과 영양까지 함께 생각해야 한다. 눈물 없이 볼 수 없는 가난한 자취생활의 경험이 빛을 발할 때가 온 것. 여심을 녹여줄 떡볶이, 생감자칩에서 영양 만점 콩자반, 굴 요리, 만두전골, 집들이 차림상에 이르기까지, 요리 좀 한다는 며느리마저도 눈독 들일 만한 특급 비법이 담겨 있다."
6,황혼의 이정표 앞에 서서 (세월과 인연이 남겨준 삶의 자취),https://search.shopping.naver.com/book/catalog/32455982916,https://shopping-phinf.pstatic.net/main_3245598/32455982916.20221230072946.jpg,이유식,13500,한국문학신문,20200709,9791190703147,"청다 이유식 『황혼의 이정표 앞에 서서』는 〈석양의 테헤란로를 걸으며〉, 〈내 삶의 오랜 보금자리, 대치동 이야기〉, 〈'강남문협' 창립의 어려움과 즐거움〉, 〈산청(山淸)이 내 집안 세거지가 된 사연〉 등 주옥같은 글을 만나볼 수 있는 책이다."
7,"거기, 삶이 있었네 (경기 근현대 자취 답사)",https://search.shopping.naver.com/book/catalog/32467113833,https://shopping-phinf.pstatic.net/main_3246711/32467113833.20221229072244.jpg,양훈도,15300,글을읽다,20111220,9788993587081,"경기도에 남아있는 근현대 문화유산을 찾아 그 가치를 발굴하고 조명한 책이다. 개항기부터 한 세대 전까지 경기도와 관련이 있었던 인물이나 특정 공간의 역사를 취재, 발굴해내고 관련 자료까지 망라해서 쉽고 글맛 나는 문체로 풀어냈다. 거창한 유적이 아니라 그리 멀지 않은 시기의 우리 생활과 관련되었던 낡은 건물이나 장소, 인물 등을 발굴해 새롭게 의미를 부여한 점이 돋보인다. 무엇보다 이러한 조촐한 문화유산도 보존할 충분한 가치가 있음을 보여주고 있다.



경기문화재단은 경기도에 산재해 있는 사라져가는 근대화 자취를 발굴해야 할 필요성을 느끼고 2009년 3월부터 2010년 11월까지 2여년에 걸쳐 경기도 31개 시군에 남아있는 95개의 근현대 문화유산을 취재, 기록하는 작업에 착수했다. 경기도 근현대 유산 중 상당수를 담아낸 것이다. 이 책에는 그중 35편을 수록했는데 사람들의 기억에서 빠르게 사라지고 있는 대상이면서 오늘의 가치까지 담고 있는 중요한 내용이라고 판단한 것들이다."
8,한국 유산 답사 (우리 조상들의 위대한 발자취),https://search.shopping.naver.com/book/catalog/32466539548,https://shopping-phinf.pstatic.net/main_3246653/32466539548.20221019140335.jpg,김찬곤,13050,사계절,20180530,9788958286783,"전 세계가 인정한 우리 조상의 빛나는 유산을 만나다!

우리 조상들의 위대한 발자취를 살펴보는 「세계유산」 제1권 『한국 유산 답사』. 유네스코가 지정한 한국의 문화유산, 자연유산, 무형유산, 기록유산 가운데 14가지를 엄선하여 실었다. 고인돌, 경복궁, 창덕궁, 종묘, 종묘제례악, 불국사, 석굴암, 해인사, 5·18 광주 민주화운동 등 유네스코 한국유산을 중심으로 고대사부터 현대사까지 모두 망라되어 있다. 단순한 문화 해설을 뛰어 넘어, 사진, 지도, 다큐 일러스트레이션 등 다양한 비주얼 자료를 활용해 우리 유산의 참된 의미를 깨닫게 해 준다."
9,남명의 삶과 그 자취 1,https://search.shopping.naver.com/book/catalog/33434890645,https://shopping-phinf.pstatic.net/main_3343489/33434890645.20221019152019.jpg,이상필,6300,경인문화사,20071228,9788949905495,"이 책은 성리학자로 양명학과 불교와 도교의 장점을 자신의 학문에 받아들여 융화시키려했던 남명의 구체적인 작품에 대하여 면밀하게 분석하고 있다. 

저자는 남명 조식을 이해하기 위해 그 인물과 관련된 여러 인물을 종합하여 살필 때 가장 그 특징이 잘 드러난다고 판단하고 인물관계를 주목하고 있다. 남명 개인 및 그의 사상과 작품들에 관한 입체적인 이해를 위해 그의 시문과 그에 관한 유적과 그와 깊은 관련이 있는 인물을 적의하게 관련시켜 서술하고 있는 것이다."
0,고구려 9백 년의 자취소리,https://search.shopping.naver.com/book/catalog/32454320210,https://shopping-phinf.pstatic.net/main_3245432/32454320210.20221019141729.jpg,조성원,13500,해드림출판사,20150126,9791156340638,『고구려 9백 년의 자취소리』은 딱딱하게 느껴지는 기록서와 같은 책이 아니라 편하게 읽히는 책. 역사 이야기에서 고증의 배경까지 한 눈에 읽을 수 있게 정리해 고구려를 전체적으로 파악할 수 있다.
1,한누렁의 사계절 1인 밥상 (리얼 자취의 달인),https://search.shopping.naver.com/book/catalog/32491961442,https://shopping-phinf.pstatic.net/main_3249196/32491961442.20220527030242.jpg,한정민,11700,Storehouse(스토어하우스),20150316,9791170060727,"『한누렁의 사계절 1인 밥상』은 건강한 식단의 중요성을 알면서도, 요리에 대한 막연한 두려움 때문에 대충 한 끼를 때우고 마는 자취생들을 위해, 1인 밥상 매뉴얼 북이다. 봄, 여름, 가을, 겨울 각 계절 별로 2주씩 식단이 짜여 있어 초보자도 쉽게 따라할 수 있습니다. 더불어 방 구하기부터 자취생 재테크까지! 자취 경력 3년차인 작가가 들려주는 각종 생활 tip으로 똑똑하고 야무진 자취생으로 변신해 보세요. 솔직담백한 작가의 경험담과 실제 생활 모습을 담은 사진들이 혼자살기 스킬을 높여줍니다."
2,365일 자취요리 (건강한 독립생활을 위한),https://search.shopping.naver.com/book/catalog/32455931713,https://shopping-phinf.pstatic.net/main_3245593/32455931713.20220519111009.jpg,,9000,성안북스,20160422,9788970673066,
3,우리들의 자취 공화국 (구경미 장편소설),https://search.shopping.naver.com/book/catalog/32438199735,https://shopping-phinf.pstatic.net/main_3243819/32438199735.20221019145224.jpg,구경미,8100,문학과지성사,20120329,9788932022949,"함께라면 겁날 게 없는 그녀들의 자취 생활기!

여고생들의 좌충우돌 자취 생활기를 그린 구경미의 성장소설 『우리들의 자취 공화국』. 1990년대 초, 서울에서 멀지 않은 지방 소도시 변두리의 여자 고등학교. 갑갑한 집으로부터 탈출하고 싶은 현진이는 부모님의 허락을 받아내 먼 곳에 살거나 사정이 있는 아이들이 모여 있는 자취 촌에서 생활하게 된다. 그리고 그곳에서 각각의 개성을 지닌 다섯 명의 친구들을 만나게 된다. 의리파 명진, 수재 영주, 예쁜 주애, 엉뚱한 정혜. 그들은 한지붕 아래서 함께 살며 뭐든 함께하게 되는데…. 유쾌하면서도 슬픈 십대 후반, 그 어떤 수학 문제보다 난해한 시절을 통과하는 그녀들의 우정과 성장 이야기가 흥미진진하게 펼쳐진다."
4,화가 하인두 (한국 추상미술의 큰 자취),https://search.shopping.naver.com/book/catalog/32493620011,https://shopping-phinf.pstatic.net/main_3249362/32493620011.20230404162027.jpg,김경연,20700,혜화1117,20191105,9791196363260,"전쟁 후 상실의 시대, 한국 화단에 추상미술을 들여놓았던 사람,
한국 추상미술의 큰 자취, 화가 하인두를 만나다

1930년 8월 태어나 1989년 11월 세상을 떠난 화가 하인두의 생애와 예술 세계를 조망한 책 『화가 하인두, 한국 추상미술의 큰 자취』가 출간되었다. 
화가 하인두는 해방 후 일제강점기 이후 새로운 역사를 쓰기 시작한 한국 화단의 출발점부터 본격적인 추상 미술의 세계로 진입하는 모든 순간에 상수(常數)와도 같은 존재다. 
명실상부 해방 후 제1세대 작가군에 속하는 그는 1956년 새로운 미술 운동의 기치를 내건 ‘청맥’ 동인을 결성하고, 1957년 현대미술가협회의 창립에 참여한 이래 추상미술이 한국미술사에 큰 줄기를 형성하는 전 과정에 함께 있었다. 
해방 이후 그를 포함한 제1세대 예술가들의 등장 이전까지 한국 화단은 매우 보수적인 성향을 유지해왔다. 국전에서 이름을 올리는 것이야말로 화가로서 인정 받는 거의 유일한 진입로로 여겨지던 시절, 당대 젊은 예술가들은 이런 국전 중심의 보수적이고 구태의연한 경향에 전복적인 입장을 취함과 동시에 새로운 화풍의 구상과 경향성 획득을 위해 다양한 시도를 해나갔다. 이러한 시도는 유럽에서 유입된 앵포르멜 운동으로 표면화되기 시작, 이후 이전에 볼 수 없던 실험적인 미술 활동으로 이어졌다. 이러한 과정을 통해 추상미술은 한국미술사의 큰 줄기로 자리매김하기에 이르렀고 나아가 한국적인 추상화를 실현하는 데까지 나아갈 수 있었다."
5,나 자신으로 살아갈 길을 찾다 (조선 여성 예인의 삶과 자취),https://search.shopping.naver.com/book/catalog/32506471719,https://shopping-phinf.pstatic.net/main_3250647/32506471719.20221213165421.jpg,이지양,10800,글항아리,20090224,9788996215523,"조선시대를 대표하는 여성 예인들 12명의 삶에 대한 재조명!
기생이 아닌 ‘예술가’로 평가한 새로운 여성사적 시각을 제시한다

『나 자신으로 살아갈 길을 찾다 | 조선 여성 예인의 삶과 자취』. 몇 해 전 드라마에서 조선의 예인이었던 ‘황진이’에 대해 다룬 적이 있었다. 뭇 남성들의 마음을 빼앗았던 기생, 황진이에 대한 관점보다는 예인으로써의 황진이에 초점이 맞춰져 많은 시청자들의 기억 속에 오랫동안 자리 잡았었다.

조선시대 예인으로 살아가는 것은 우리가 지금 생각하는 ‘연예인’과는 많이 달랐을 것이다. 당시엔 예술가의 개념이 그다지 뚜렷하지 않았고 양반 사대부들이 예술과 같은 문화행위를 독점했다고 생각되기 때문이다. 특히 여성 예인들은 허난설헌, 황진이, 신사임당 외에는 우리가 인식하고 있지 못하다.

이 책은 조선시대를 대표할 만한 각 분야 여성 예인들의 삶을 추적한다. 그리고 그들이 남긴 예술작품과 예술적 삶을 음미한다. 예술가이면서 연예인이었던 조선시대의 ‘예인’에 초점을 맞추고 여성적사적 관점에 따라 자신만의 예술적 세계를 모색한 여성 예인들에 대해 다룬다."
6,피터 라이스의 자취 (2012년 - 작고 20주기를 맞아),https://search.shopping.naver.com/book/catalog/32436270492,https://shopping-phinf.pstatic.net/main_3243627/32436270492.20220527062909.jpg,케빈 배리,0,기문당,20160105,9788962256932,"이 책은 피터 라이스가 삶의 대부분을 보냈고 문화적으로 성숙하게 한 나라인 영국, 프랑스 및 아일랜드 출신의 건축가들이 공동으로 기획한 것이다. 어러 기록을 근거로 상세하게 설명한 20인의 에세이와 카메오에서 피터 라이스의 경력과 그가 남긴 유산을 폭 넓게 설명하고 있다. 그의 가족, 친구, 학자 그리고 동료들이 피터의 활동과 일상에 대한 이해를 돕기 위하여 그의 작업 활동, 어려운 문제에 대한 라이스식 독특한 해법과 미적 센스에 대해서 도 상술하고 있다. 한국어판의 서문은 인천국제공항 1, 2 터미널 및 광명고속철 역사의 구조설계에 참여한 프랑스 엔지니어 헨리 바드슬리씨가 썼다."
7,주님의 자취(하) (이재록 목사의 요한복음강해),https://search.shopping.naver.com/book/catalog/32441781736,https://shopping-phinf.pstatic.net/main_3244178/32441781736.20230919123631.jpg,이재록,9000,우림,20090220,9788975571992,"| 표지 설명 |

예루살렘 입성과 십자가의 고난, 승천에 이르기까지 예수님의 자취가 묻어나는 성지 사진이 한 컷 한 컷 영화 필름처럼 흐르고 있다."
8,장호공실기 (병조 판서 조윤손의 삶의 자취),https://search.shopping.naver.com/book/catalog/32503506936,https://shopping-phinf.pstatic.net/main_3250350/32503506936.20221230073938.jpg,조규태,19800,한국문화사,20141030,9788968171741,"장호공의 후손인 저자가 직접 장호공의 행적을 알 수 있는 글들을 본격적으로 모아 엮은 책이다. 한국고전번역원에 있는 문집들을 검색하여 장호공에 관한 글들을 모두 추려내어 정리하였다. 그리고 조선왕조실록에 실려 있는 장호공과 관련된 글들을 다시 정리하며, 어려운 말들에 주석을 다는 작업을 하였다. 그리고는 이 글들과 비문, 그리고 박용국 교수가 쓴 장호공에 관한 논문을 자료로 하여 장호공의 연보를 엮었다.

이 책에 실린 글은 주로 장호공과 명홍정에 관한 글인데, 남들이 장호공에 관해 쓴 글들, 그리고 조선왕조실록에 실린 장호공과 관련된 가사들이다. 여기에 최근에 박용국 교수가 쓴 장호공에 관한 논문이 장호공을 체계적으로 이해할 수 있도록 실려 있다. 마지막으로 시랑공파 이야기가 더 보태어져 있다."
9,삶따라 자취따라 다산 정약용 (실학의 집대성지 다산초당),https://search.shopping.naver.com/book/catalog/33394359619,https://shopping-phinf.pstatic.net/main_3339435/33394359619.20230214162331.jpg,윤동환,16200,다산기념사업회,20180618,9791196879402,"“다산 정약용 선생을 알지 못하면, 근세 한국의 학문과 사상을 말할 수 없다.”
“술에 취하면 하루가 가고, 목민심서에 취하면 천년 대계가 이루어진다.”

그 동안 수많은 사람들이 다산문화원을 다녀갔습니다. 다산문화원에는 다산정신을 이해하고 실천하고자 하는 이들의 흔적이 이 시대 사람들의 발자취가 되어 이미 수백 권의 기록으로 남아 있습니다. 이 기록은“효도는 부모님의 뜻을 거스르지 않는 것이다. 동트기 전에 일어나라, 기록하기를 좋아하라.”고 당부하신 다산 말씀의 실천이기도 합니다.

이들은 강의를 듣고, 토론하고, 기록하면서 어른과 아이들이 함께 읽을 수 있는 책이 있었으면 좋겠다고 했습니다. 다산 초당을 다녀와서 자녀들과 함께 느낌을 정리하고, 다산의 정신을 쉽게 이해할 수 있는 책이면 더욱 좋겠다고 했습니다.
이 책은 이런 방문객들의 요청을 받아들여 쓴 책입니다.
다산선생의 어린 시절부터 오늘의 초당이 있기까지의 내용을 산문적으로 기술하여, 누구나 쉽게 접할 수 있도록 하였습니다. 다산초당을 답사하는 많은 분들의 다산 정약용 선생에 대한 지적(知的) 염원을 채워 줄 수 있을 것입니다.

평소 다산정신 생활화 운동을 추진해 왔던 저의 노력이  
삶 따라 자취 따라 다산 정약용」이라는 책으로 정리되어, 다산문화원에서 함께 토의하고 기록하면서 다짐하였던 많은 분들 외에도, 다산을 알고자 하는 더 많은 독자들과 만나게 되어 기쁩니다. 오늘을 살기 힘겨워 하는 많은 분들께 희망이 되고, 귀중한 깨달음으로 간직되길 바랍니다. 〈저자 서문에서〉"
0,세계의 박물관 (변화와 진화이 발자취),https://search.shopping.naver.com/book/catalog/32492749378,https://shopping-phinf.pstatic.net/main_3249274/32492749378.20221228073424.jpg,아트빌리지 편집부,92150,아트빌리지,20160218,9791159680076,▶ 이 책은 세계의 박물관을 다룬 이론서입니다. 세계의 박물관의 기초적이고  전반적인 내용을 학습할 수 있도록 구성했습니다.
1,동아시아의 부엌 (민속학이 드러낸 옛 부엌의 자취),https://search.shopping.naver.com/book/catalog/32490334733,https://shopping-phinf.pstatic.net/main_3249033/32490334733.20221019143451.jpg,김광언,66500,눌와,20150430,9788990620736,"[동아시아의 부엌]은 국립민속박물관장을 역임한 김광언 교수가 한·중·일 동북아시아 세 나라의 부엌에 대한 민속학 연구 성과를 엮은 것이다. 책은 화덕, 불씨, 부엌, 한데부엌, 조왕, 그릇, 솥, 숟가락과 젓가락, 박에 대한 자료가 어원을 시작으로 형태, 민속 그리고 그에 얽힌 속담까지 일목요연하게 정리되어 있다. 서로 닮았으면서도 다른 한국, 중국, 일본의 관계를 저자의 표현을 빌려 말하면 “중국은 뿌리, 한국은 둥치, 일본은 가지”이고, 세 나라의 문화는 “한 그루에서 피어난 꽃”이다."
2,묵자의 철학 (묵자의 삶의 자취와 활동 그리고 사상),https://search.shopping.naver.com/book/catalog/42073481665,https://shopping-phinf.pstatic.net/main_4207348/42073481665.20230913071615.jpg,정걸문^장천^민홍석,13500,일파소,20230825,9791198205131,"이 책은 ‘중국사상가평전(中國思想家評傳)’ 시리즈 중 한 권으로, 묵자, 공자, 노자 등 중국 역사상 뛰어난 사상가들을 일반인들에게 널리 소개해 쉽고 빠르게 읽을 수 있도록 편집된 책이다. 묵자사상의 핵심 내용만을 모아 놓았기 때문에 책의 분량이 많지 않고 그 내용도 간략한 ‘묵자 입문서’다. 
14개의 장으로 나뉘어 방대한 묵자사상을 하나도 빠트리지 않고 일일이 언급하고 있는 점이 이 책의 장점이다. 묵가의 경제, 윤리, 군사, 종교, 교육, 정치, 인식의 문제를 다루고 있으며, 다른 입문서에서 볼 수 없는 ‘묵경’에 관하여 상세한 서술이 돋보인다. 묵가의 흥망성쇠와 묵가의 영향까지 언급하고 있다. 묵자사상을 조망하는 데 조금도 손색이 없어 보인다."
3,프로이트의 두 발자취,https://search.shopping.naver.com/book/catalog/32496220790,https://shopping-phinf.pstatic.net/main_3249622/32496220790.20220521034503.jpg,지그문트 프로이트,0,하나의학사,19950901,5000155421,
4,백두대간의 자취소리 2 (김기태 산행기),https://search.shopping.naver.com/book/catalog/32443871796,https://shopping-phinf.pstatic.net/main_3244387/32443871796.20221019132620.jpg,김기태,13500,해드림출판사,20200110,9791156343882,김기태 속초 산행대장의 백두대간 두 번째 이야기다. 수년 동안 대원들과 함께 백두대간을 정기 산행하면서 겪은 희로애락을 담았다. 백두대간 자취소리1에 이어 두 번째 엮어낸 백두대간의 숨소리라 할 수 있다. 말이 산행이지 백두대간이 어디 그리 쉬운 길인가. 어쩌면 산행 그 자체보다 회원들을 이끌고 소통하며 무사히 산행을 마치는 일이 더 중요할 수 있다. 그러다 보니 산행에서 겪은 애환보다 서로를 향한 숨소리가 더 거칠기도 하다.
5,"공주의 숨과 향 (공주인들의 말과 생각, 삶의 자취)",https://search.shopping.naver.com/book/catalog/32504738850,https://shopping-phinf.pstatic.net/main_3250473/32504738850.20221229071138.jpg,조동길,21600,한국문화사,20150620,9788968172335,"공주라는 특정 지역사회를 문화적 관점에서 다룬 글들만 수록한 이 책의 내용은 세 부분으로 되어 있다. 역사, 문화적으로 유서가 깊은 공주에 대해서는 그 동안 백제문화 중심으로 학술적 연구가 집중되어 왔으나 이 책에서는 관심의 범위를 확장하여 공주의 말과 글, 산천, 인물과 정신에 대해 집중적으로 고찰하였다. 



시대적으로는 중세와 근현대 문화유산에 대해 초점을 맞추어 연구한 결과들이다. 공주의 한글연구회 활동, 공주출신 김인겸의 한시, '금행일기'와 '계룡산기'의 분석, '금란구곡' 고찰, '독락정기' 번역과 평설 등은 그 동안 어느 학자도 거론하지 않았던 것들이며, 아울러 공주에 관한 다각적인 칼럼들은 정책적 대안 제시와 함께 공주의 미래에 대한 깊은 성찰을 담고 있다."
6,프랑스식 자취 요리: 모쪼록 최선이었으면 하는 마음 (띵 시리즈 4),https://search.shopping.naver.com/book/catalog/32491371627,https://shopping-phinf.pstatic.net/main_3249137/32491371627.20230920071502.jpg,이재호,10080,세미콜론,20200909,9791190403771,"인생의 모든 ‘띵’ 하는 순간,
식탁 위에서 만나는 나만의 작은 세상

민음사 출판그룹의 만화ㆍ예술ㆍ라이프스타일 브랜드 ‘세미콜론’에서 새롭게 론칭하는 ‘띵’ 시리즈는 한마디로 ‘음식 에세이’이다. 앞으로 각 권마다 하나의 음식이나 식재료, 혹은 여러 음식을 하나로 아우르는 데 모두가 납득할 만한 주제를 가급적 선명하게 선정해나갈 계획이다. 이때 기본 원칙은 각자의 애정을 바탕으로 할 것. 우리는 좋아하는 것을 이야기할 때 더욱 할 말이 많아지고 마음이 분주해지니까. “내가 좋아하는 것을 함께 좋아하고 싶은 마음”을 캐치프레이즈 삼아 이 시리즈는 꾸려질 예정이다.
각 권마다 주제가 바뀐다는 점에서 잡지 같기도 하고, 한 사람(혹은 두 사람)의 에세이로 온전히 채워진다는 점에서 일반 단행본 같기도 한, 무크지의 경계선에 이 책들이 놓여도 좋겠다. 그러면서도 시리즈의 고정된 포맷 몇 가지를 제외하고는 제각기 자유로운 디자인과 내용 구성을 통해 작가의 개성을 충분히 담아내고자 하였다. 판형은 아담한 사이즈의 문고본 형태로 제작되었으며, 언제 어디서나 휴대가 용이해 부담 없이 일상에 자리하기를 바란다.
책의 모두(冒頭)에는 담당 편집자의 ‘Editor's Letter’를 싣는다. 이것은 잡지에서 흔히 볼 수 있는 형식이기도 하지만, 단행본에서는 새로운 시도가 될 것이다. 독자에게 건네고 싶은 ‘말 그대로’ 편지의 형태를 띠고 있으며, 비하인드 편집 스토리를 소개하거나 짧게나마 책을 안내하는 문장들로 채워질 예정이다. 이것은 편집자의 목소리를 통해 조금 더 가까이 독자와 소통하고 싶은 출판사의 마음이기도 하다."
7,부커상과 영소설의 자취 50년,https://search.shopping.naver.com/book/catalog/32492734286,https://shopping-phinf.pstatic.net/main_3249273/32492734286.20221230074910.jpg,박선화,28800,동인,20190810,9788955068092,▶ 이 책은 영미소설론을 다룬 이론서입니다. 영미소설론의 기초적이고 전반적인 내용을 학습할 수 있습니다.
8,고독한 직장인의 자취 요리기 ((feat) 1평 좁은 주방),https://search.shopping.naver.com/book/catalog/38783387624,https://shopping-phinf.pstatic.net/main_3878338/38783387624.20230829091550.jpg,한태희,18900,지콜론북,20230324,9791191059397,"퇴근 후, 고독한 식사로 하루를 마무리하는 당신에게
“다 먹고 살자고 하는 일이잖아요”

오랫동안 요리 연구가로 근무한 저자가 직장인의 고독함을 음식으로 위로한다. 지루한 일상 속에서 밥이라도 즐겁게 먹고 싶은 사람을 위한 레시피북이다. 어제 배달을 시켜 먹고 남은 음식으로, 오늘 마트에 들러 호기심에 구입한 소스로, 근처 재래시장에서 구입한 제철 식재료로. 어떤 재료든 『고독한 직장인의 자취 요리기』와 만나면 나를 충전하는 한 끼가 된다. 저자가 섬세하게 고민하며 당신에게 치유되는 레시피와 이야기를 건넨다.
 
서툰 솜씨도 구체적인 레시피만 있으면 일류 요리사가 된다. 저자는 요리가 익숙하지 않은 초보 요리사를 위한 팁을 다양하게 수록했다. 또한, 숟가락과 종이컵을 활용하여 손쉽게 계량할 수 있도록 레시피를 작성했다. 
  
레시피마다 저자의 짧은 에세이도 첨부했다. 요리하는 중간에 읽으면 ‘함께 만드는 요리’라는 생각이 든다. 나의 좁은 주방과 다르지 않은, 요리 연구가의 친근한 1평짜리 주방에서 이루어지는 마법 같은 ‘집밥 레시피’를 공개한다."
9,"비건 자취요리 노트 (스프링) (건강한 나를 위해, 지구를 위해)",https://search.shopping.naver.com/book/catalog/32439060077,https://shopping-phinf.pstatic.net/main_3243906/32439060077.20221228072218.jpg,권채아,14400,맛있는책방,20210428,9791196978792,"트위터 20,000 팔로워! 자칭 타칭 자취요리미식가 권채아의 비건자취요리

작년 한 해, 트위터를 뜨겁게 달구었던 포스팅이 하나 있었습니다. 바로 “국내외 자취 4년차, 지금까지 한 번도 배달 안 시켜 본 사람이 알려주는 잘 먹고 잘 사는 Tip” 이란 제목으로 올라온 비건자취요리 레시피였습니다. 해당 포스팅은 14000건이 넘게 리트윗이 되었고, 월 20만원도 안 되는 식비로 자취 요리 그것도 비건식을 야무지게 해먹는 자취요리미식가(자요미)의 요리에 많은 분들이 열광을 했습니다. 

20대 대학생, 사회 초년생들을 위한 맞춤 레시피 노트 
코로나로 인해 밀키트, 배달음식, 다양한 인스턴트 음식이 어마어마하게 발달하면서 집에서 음식을 해먹는다는 건 사실 쉽지 않은 일이 되어버렸죠. 하지만 저자는 이렇게 얘기합니다. 매일 하루 세 끼를 꼬박 해먹기보다 하루 한 끼, 아니면 이틀에 한 끼라도 나를 위한 밥상, 지구를 위한 밥상을 차려보자고 말이죠. 그래서 이 책에는 총 40가지 메뉴가 등장합니다. 후다닥 차릴 수 있는 아침 밥상부터 도시락으로 편하게 갖고 다닐 수 있는 점심, 가끔 친구들을 초대해 근사한 브런치를 대접할 수 있도록 했고 외식이 아니어도 충분히 만들 수 있는 마라샹궈, 밀푀유나베, 떡볶이 등 바깥 음식들을 건강한 비건식으로 즐기기 위한 아이디어가 가득합니다. 산뜻한 달달함을 채워줄 디저트 메뉴도 잊지 않았죠! 이 모든 것들이 다 비건 메뉴로요!"
0,"충무공 이순신 (삶, 시대 그리고 그의 자취)",https://search.shopping.naver.com/book/catalog/32493367827,https://shopping-phinf.pstatic.net/main_3249336/32493367827.20220527031118.jpg,김대현,0,예맥출판사,20140829,9788988502860,"『충무공 이순신』은 이순신과 관련된 유물과 유적, 사료를 깊이 있게 들여다본 책이다. 저자는 이순신을 하늘에서 기적처럼 나온 인물이 아니라 그 시대 성숙한 역사와 제도와 문화의 자양분을 누구보다 잘 흡수하여 체화시킨 인물이라고 말한다. 이순신을 멋지게 치장하기보다는 그 인물의 삶을 함께 걷도록 안내한다."
1,"청춘 자취요리백서 : 밥해먹자 (해마다 늘어나는 1인가구, 자취인들에게 꼭 필요한 요리 가이드!)",https://search.shopping.naver.com/book/catalog/32441031143,https://shopping-phinf.pstatic.net/main_3244103/32441031143.20221227210222.jpg,비티타임즈 편집부,27000,비티타임즈,20180806,9791163450023,"혼자 먹는다고 아무렇게나 먹지 말자
건강하고 맛있게 누구보다 더 잘 챙겨먹는 혼밥 레시피 

‘1인가구들의 건강한 식생활’을 위해 최대한 건강하면서도 간단하게 할 수 있는 요리들을 소개한다. 아침을 자주 거르는 습관부터 바로 잡기 위한, ‘아침대용식’ 부터 시작하여 대표적인 한식 반찬과 국 메뉴, 설거지 부담을 줄이기 위한 ‘한 그릇 음식’, 간편하면서도 건강한 ‘다이어트식’, 자취인도 가끔 특별하게 즐길 수 있는 간식과 브런치 메뉴, 음료, 마지막으로 한 번 해두면 유용하게 쓰일 드레싱·양념까지 수록하였다."
2,성경이 남겨놓은 자취를 찾아서 (성경이 남겨놓은 자취를 찾아),https://search.shopping.naver.com/book/catalog/39651707623,https://shopping-phinf.pstatic.net/main_3965170/39651707623.20230427143450.jpg,송근원,32500,부크크(bookk),20230420,9791141024109,"드디어 코비드 19가 끝나간다.
3년 동안의 팬데믹 상황이 이제 막바지에 이르러 마스크도 벗고, 외국 여행도 길이 트였다.
그 전부터 계획했던 이스라엘 요르단 성지 여행을 떠난다. 7박 9일의 여행이다. 집사람이 다니는 교회의 셀 모임에서 가자고 하여 무작정 따라나선 것이다.
이번 여행은 성경에 나오는 곳곳을 찾아가는 여행이다.
혹자는 이를 일러 성지순례 여행이라 한다.
독실한 기독교 신자들에겐 이 말이 전혀 틀린 말이 아니겠으나, 나 같은 꼰대에게는 성지순례보다는 그저 가이드의 성경 해설을 곁들인 설명과 함께 성지(聖地)를 기웃거리는 여행이었다.
옛날에 그러니까 16년 전이든가, 터키에 교환 교수로 나가 있을 때, 터키는 물론 시리아, 요르단 이집트를 여행한 적이 있었다.
이때의 여행도 대부분 로마 유적과 기독교 유적을 답사하는 일종의 성지순례 여행이었다.
그 당시 요르단에서 이스라엘을 들어가려 하였으나, 이스라엘에서 요르단으로 나오는 것은 되지만 아랍국가에서 이스라엘로 입국하는 것은 허락이 안 되는 시기였기에, 요르단의 아카바 항구에서 배를 타고 이집트의 시나이 반도로 건너갔던 기억이 있다.
따라서 이스라엘은 여행을 못하였는데, 이번에 그 기회가 온 것이다. 곧, 집사람이 나가는 교회의 셀 모임에서 이스라엘과 요르단의 페트라와 와디 럼을 끼어 넣은 패키지여행을 가자고 하여 그냥 조인하게 된 것이다.
페트라와 와디 럼은 옛날에 샅샅이 훑어본 바 있어 사실은 이를 빼고 이스라엘만 좀 더 속속들이 가 봤으면 했지만, 페트라와 와디 럼은 언제보아도 좋은 곳이기에 다시 한 번 더 보고 싶은 마음이 없지도 않았고, 같이 가신 분들이 너무나 좋은 분들이어서 이 여행을 선택하게 된 것이다.
사실 여행에서 우리가 찾는 것은 경치가 좋다든가. 역사적 의미가 있다든가, 학술적 흥미가 있다든가 등등 여러 가지가 있을 수 있으나, 그 어떤 여행도 함께 하는 분들이 좋아야 함은 말할 나위도 없다.
물론 패키지여행이어서 충남 서천 산너울 마을의 판교교회에서 오신 분들을 비롯하여 모두 38명이 일행이었는데, 나만 빼고 모두 독실한 분들이어서 큰 불편 없이 여행할 수 있어 참으로 좋았다.
그렇지만 이번 여행은 성지순례 여행인 까닭에 성경에 관해 알면 알수록 많이 보이는 여행이었고, 발품을 많이 파는 여행이었다.
성경은 옛날 옛날 아주 먼 옛날에 한 번 읽어본 적이 있으나, 주로 이스라엘 역사서, 그것도 지저분한 히브리인들의 역사라는 느낌 때문에 그 후에 다시 읽지 않았다. 그래서 큰 사건은 대충 기억이 나지만, 대부분 잊어버렸고, 자세히는 잘 모른다.
그러니 결과적으로 나에게는 주마간산 식으로 이곳저곳을 훑어보는 여행이었지만, 가이드인 두 분 목사님이 가는 곳마다 설명을 잘 해주셔서 어느 정도 충실하게 여행을 할 수 있었다.
이 자리를 빌려 두 분 목사님께 감사를 전한다.
그렇지만 짧은 기일에 많은 곳을 다니는 바람에, 들을 때 뿐 나중에 기록하려니 요기가 조기 같고, 저기가 여기 같고, 설명은 분명 들었는데······, 혼동이 된다.
결국 여행이 끝난 후, 뒤늦게 인터넷을 뒤져가며 열심히 성경 공부를 한 후, 쓰게 된 여행기가 이 책이다.
이번 여행에서 경치는 별로 중요한 것이 아니다.
물론 페트라와 와디 럼은 예외이긴 하지만, 다른 곳들은 그렇게 (경치로) 감명 깊은 곳은 아니다.
다만 성경을 바탕으로 그 자리에 그러한 역사적 사실이 있었다는 것, 그것만으로도 충분히 의미 있는 여행이었다.
사실 여행에선 볼거리도, 먹거리도, 즐길거리도 좋아야 하지만, 무엇보다도 이야깃거리가 좋아야 하는데, 이 여행은 이야깃거리만큼은 충분하다 못해 넘친다.
성경에 기록된 사실을 이야깃거리로 삼아 여행객들에게 제시할 수 있다는 점에서 이 패키지여행은 스토리텔링이 무궁무진한 복 받은 관광 상품이라 할 수 있지만, 대부분의 이야깃거리가 사실에 기반을 두기보다는 견강부회 식으로 끌어다 붙인 경우도 많다는 느낌을 종종 받았다.
물론 여행하면서 재미있게 그냥 받아들일 수는 있을 것이다. 그리고 그것도 나쁜 것은 아니다. 여행하며 스스로 즐기면 되는 것이기에!
그렇지만 중요한 것은 그 이야깃거리가 사실과 부합되느냐를 따지기 이전에, 그 속에 숨겨져 있는 진실과 본질을 보고 느끼면 더 말할 나위없는 좋은 여행이 될 것이다.
이 책이 이스라엘과 요르단을 여행하시는 분들, 특히 성지순례 여행을 준비하시는 분들에게 큰 도움이 되었으면 좋겠다."
3,"공간에 담긴 역사, 전통 건축의 자취",https://search.shopping.naver.com/book/catalog/32503910731,https://shopping-phinf.pstatic.net/main_3250391/32503910731.20221019145524.jpg,아치앤북 편집부,85500,아치앤북,20210228,9791159682117,"▶ 이 책은 공간에 담긴 역사, 전통 건축의 자취에 대해 다룬 도서입니다. 공간에 담긴 역사, 전통 건축의 자취에 대한 기초적이고 전반적인 내용을 확인할 수 있도록 구성했습니다."
4,몽중여시아문 4: 흔적도 자취도 없는 행을 위하여 (흔적도 자취도 없는 행을 위하여),https://search.shopping.naver.com/book/catalog/32436148158,https://shopping-phinf.pstatic.net/main_3243614/32436148158.20221019145319.jpg,우인,15300,유마북,20161221,9791185049199,『꿈에서 나는 이와 같이 들었다』를 재구성했다. 독자들로 하여금 법화문에 관심이 생길 수 있도록 일상생활과 밀접한 이야기를 들려준다. 일상과 불교가 자연스럽게 연결되면서 불교 자체에 대한 흥미가 높아진다.
5,큰 발자취를 남긴 세계의 여객선,https://search.shopping.naver.com/book/catalog/32456304697,https://shopping-phinf.pstatic.net/main_3245630/32456304697.20221228074651.jpg,한창용^이한석,17820,그린,20180130,9788957272626,▶ 이 책은 큰 발자취를 남긴 세계의 여객선에 대해 다룬 도서입니다. 항만공학의 기초적이고 전반적인 내용을 확인할 수 있도록 구성했습니다.
6,호남의 상흔·자취 그리고 기억 (강 건너 재 넘어 그곳에는 1),https://search.shopping.naver.com/book/catalog/33535783628,https://shopping-phinf.pstatic.net/main_3353578/33535783628.20220717015242.jpg,퉁소농부 정혁기,20000,부크크(bookk),20220701,9791137287259,"이 책에 실린 글들은 전라도 동남부 산간지역과 고을을 돌아다니며 느낀 글들이다. 산과 고개, 팍팍하고 인적 드문 마을을 돌며 만나는 얘기들이다. 나는 전라도가 산간지역이라고 말한다. 다른 지역에 비해 상대적으로 들이 많을 뿐이다. 전라도 역시 산의 고장이다. 들이 많다는 것이 틀린 얘기가 아니지만 그것은 어디까지나 다른 지역에 비해 상대적으로 그렇다. 전라도의 지도를 펴놓고 보면 잘 알 수 있다. 전라도와 경상도의 경계를 이루는 백두대간과 지리산 인근은 말할 것도 없고 중부지역, 나아가 서부지역을 넘어 남‧서해에 점점이 박힌 섬까지 백두대간에서 시작된 산경들이 전라도를 누비고 있다. 

  ​산은 우리 민족의 정신과 마음의 고향이다. 전라도의 산간을 알아야 하는 데에는 보다 근본적이고 중요한 이유가 또 있다. 바로 우리가 사는 땅에서 이루어지는 생활과 문화가 산의 흐름과 함께 해왔기 때문이다. 물길&#40;水經&#41;이 산의 흐름&#40;山經&#41;에 의해 결정되는 이치처럼 산과 물의 흐름&#40;山水經&#41;을 모르고서 국토를 이해할 수 없다. 백두대간을 알고 호남정맥을 알아야 한다. 금강을 알고 섬진강의 흐름을 알아야 한다. 나는 이를 ‘산수경답사법’이라 부른다. 인간은 산에서 시작해 들로 나갔다. 개활지인 들에서 인간이 살 수 있기까지에는 많은 시간과 자신감이 필요했다. 산은 험한 지형에 의지해 세력이 약해도 외부의 공격을 막아내며 모여 살 수 있었고 위기에 처했을 때는 산에 의지했다. 산에는 자신을 지켜주는 산신이 거주하고 있다고 믿었으며, 절에는 산신각을 지어 공동체와 마을, 가족의 발전과 안녕을 빌었다.

  그러나 한국사회에서 산이 많은 지역은 낙후된 지역을 뜻한다. 저개발 지역이며 조건 불리지역이다. 문화가 사람들이 모여 살면서 형성되고 전해지는 정신적·물적 가치의 총체라고 한다면, 축적된 문화의 양도 사람이 모여 사는 평지가 압도적일 것은 당연하다. 산에는 사람이 적게 살기 때문이다. 그러나 문화의 양이 산간지역에 적다고 해서 그 가치조차 적은 것이 아니다. 산에는 원형이 존재하기 때문이다. 답사를 산간지역부터 시작해야 하는 산수경 답사의 이유다.

  실린 글들은 전라도의 동남부 산간지역을 호남정맥과 물의 흐름을 따라 순회하며 전라도의 풍광과 문화, 역사를 소개하면서 또 다른 질문의 답을 구하려는 목적도 담겨있다. 답사를 통해 전라도를 이해해 보려는 것이다. 


  책의 구성은 여행의 순로를 따라 나누었다. 그리고 맨 마지막에는 부록을 모았다. 부록은 산수경 답사에 관한 글들인데 앞에 넣을까 생각다가 뒤로 보냈다. 기행서의 앞부분에 딱딱한 글들을 배치하는 것이 좋을 것이 없을 것 같았다. 먼저 읽어도 좋을 것이다.
  어느 누구는 싫증이 나기도 하련만 지금도 기회가 되면 전라도를 돌아다닌다. 대체 그곳이 어떤 곳이기에 아직도 마음의 끈을 끊지 못한단 말인가. 그럴 만한 가치가 있는 곳인가. 전라도를 찾아가는 여행은 길다. 다가가고 표현하는 일 역시 만만한 일이 아니다. 지방마다 켜켜이 쌓인 문화적, 역사적 삶의 층과 궤적이 깊고, 길고, 질기기 때문이다.
  이제! 호남, 전라도로 떠날 시간이다. 어느 길로 들어갈 것인가? 서해를 연안에 낀, 갯내음이 물씬 나는 서해안 길을 탈 것인가? 금강, 만경강을 건너고 들을 가로지르며 갈재를 넘는 1번 국도를 탈 것인가? 지리산을 감돌면서 지리산 휴게소에서 상긋한 눈의 휴식을 즐길 수 있는 88고속도로는 어떤가? 금산의 배티고개를 넘고 논산의 황산벌을 지나 들어갈 것인가? 그도 아니면 호남정맥이 자맥질하며 빠져드는 섬진강이 바다를 만나는 곳 섬진대교를 넘을 것인가?"
7,다산의 후반생 (다산 정약용 유배와 노년의 자취를 찾아서),https://search.shopping.naver.com/book/catalog/32485046116,https://shopping-phinf.pstatic.net/main_3248504/32485046116.20221019150854.jpg,차벽,18000,돌베개,20101004,9788971994115,"치열했던 다산의 후반생 36년을 따라가다!

조선 후기의 실학자 다산 정약용의 후반기 삶을 다룬 책『다산의 후반생』. 정조 치하에서 승승장구하던 다산의 운명은 정조의 갑작스런 죽음과 함께 바뀌었다. 1801년 11월, 유배의 길에 오르게 된 다산은 이후 18년이라는 긴 시간을 유배 생활로 채워야 했다. 하지만 다산은 유배지에서도 많은 제자와 지인을 두었고, 600여 권에 달하는 저서를 펴냈다. 프로 사진작가인 저자 차벽은 전라도 강진과 경기도 마재에서 다산이 걸었던 길을 함께 걷고, 그 길을 카메라 렌즈에 담아냈다. 다산의 치열한 삶, 너무나 인간적인 다산의 면모, 다산의 곁에서 묵묵히 그를 지켜준 사람들의 열기를 고스란히 전해준다."
8,대한민국 20대 자취의 달인 (반지하와 옥탑방에서도 잘살기),https://search.shopping.naver.com/book/catalog/32455038949,https://shopping-phinf.pstatic.net/main_3245503/32455038949.20220803184142.jpg,김귀현,0,에쎄,20090907,9788993905069,"20대, 화려한 독립을 꿈꾸지만 현실은 아늑한? 반지하와 옥탑방…….
돈 없고 빽 없는 20대가 가장 많이 거주하는 반지하와 옥탑 관찰보고서!

20대 반지하남과 옥탑녀가 전하는 자취이야기『대한민국 20대 자취의 달인』. 잘 다니던 회사를 그만 두고 카메라 하나 달랑 들고 해외로 떠나는 화려한 여행, 과연 이 로망을 이루고 살아가는 20대가 몇이나 될까? 이 책은 88만원 세대로 불리며 정글 같은 하루를 헤치고 살아가는 20대 자취생들의 이야기를 두 명의 저자가 자신의 경험을 바탕으로 생생하게 전한다. 또 Tip으로 자취생들이 알아둬야 할 기본 상식과 실용정보를 수록했다.

반지하님 김귀현은 자취를 하게 되면서, 절대로 다른 이들처럼 빨지 않은 옷을 계속 입는 짓만은 하지 않겠다고 결심한다. 빨래는 열심히 했지만, 아무리 빨아서 말려도 묘한 냄새가 나는 옷들 때문에 그는 임시방편으로 의류 냄새제거제를 한다. 하지만 곧 냄새제거제의 냄새까지 섞인 말로 형용할 수 없는 냄새로 인해 그는 ‘빨래’를 포기하고, 다른 자취남들처럼 한번 입은 옷 또 입기의 생활에 들어선다.

이 책은 총 3부로 구성되어있다. 1부에서는 반지하남 김귀현의 흥미진진한 사생활이 소개된다. 2부는 작가지망생 옥탑녀 이유하의 이중생활을 생생하게 전한다. 마지막으로 3부는 제3지대로 분류되는 곳에 살고 있는 주거민들의 ‘취중방담’과 자취생활에 유용한 팁을 수록했다. ‘억’ 소리 나도록 놀라운 전세에 겨우 살 곳을 정하고, 미덥지 못한 자취 환경 속에서도 하루하루를 유쾌하게 풀어가는 그들의 비하인드 스토리를 만나보자."
9,자취로운 생활 베스트 에피소드 1 (신개념 방구석 서바이벌 자취툰),https://search.shopping.naver.com/book/catalog/32436254135,https://shopping-phinf.pstatic.net/main_3243625/32436254135.20221019131447.jpg,안가연,13500,황금부엉이,20200909,9788960305625,"별점 9.9! 네이버웹툰 독자들의 넘치는 사랑을 받았던 자취툰이 돌아왔다!
당신의 자취 로망을 탈탈 털어줄 ‘짠한 우리 새끼’ 츄카피 작가의 웹툰 데뷔작

개그맨, 만화가, 유튜버 등 프로N잡러로 활동 중인 츄카피 작가의 웹툰 데뷔작이 단행본으로 출간됐다. 이 책은 〈자취로운 생활 베스트 에피소드〉 시리즈의 첫 권으로, 작가가 직접 고른 연재 초·중반에 해당하는 32화의 에피소드와 보너스 4컷 만화를 수록했다. 원룸에서 자취하던 초보자취러 츄카피의 모습과 귀여운 조카 뀨야를 담아낸 표지는 〈자취로운 생활〉의 팬이라면 탐이 날 수밖에 없을 것이다.
작가는 귀엽고 아기자기한 그림체로 본인은 극히 평범하다고 주장하는 범상치 않은 일상을 리얼하게 그려낸다. 원룸을 구해 이사하고 이제 막 자취를 시작하던 시기의 연재분이라 날것의 느낌이 생생하다. 네이버웹툰 독자들을 프로참견러이자 응원러로 만든 것이 바로 이런 짠함과 부족함(?) 때문이 아닐까. 
때로는 짠내 나지만 자취생이라면 누구나 한번쯤 겪어봤을 법한 에피소드들은 공감하기 충분하고, 그에 더해 곳곳에 드러나는 작가 특유의 유머는 시종일관 미소를 짓게 한다. ‘직장 동료’라고 불리는 개그맨 동료들도 존재감을 뿜어내며 작품에 활력을 불어넣는다. 또한 단행본 한정으로 웹툰 연재 때 독자들의 낙서 욕구를 자극했던 〈자취로운 생활〉 표지를 제공하여 교과서 표지에 낙서하고 꾸미던 학창 시절의 추억을 느낄 수 있도록 했다."
0,자취로운 생활 베스트 에피소드 2 (신개념 방구석 서바이벌 자취툰),https://search.shopping.naver.com/book/catalog/32497849003,https://shopping-phinf.pstatic.net/main_3249784/32497849003.20221019124616.jpg,안가연,13500,황금부엉이,20200909,9788960305632,"평점 9.9! 네이버웹툰 독자들의 넘치는 사랑을 받았던 자취툰이 돌아왔다!
당신의 자취 로망을 탈탈 털어줄 ‘짠한 우리 새끼’ 츄카피 작가의 웹툰 데뷔작

개그맨, 만화가, 유튜버 등 프로N잡러로 활동 중인 츄카피 작가의 웹툰 데뷔작이 단행본으로 출간됐다. 이 책은 〈자취로운 생활 베스트 에피소드〉 시리즈의 두 번째 권으로, 작가가 직접 고른 연재 중·후반에 해당하는 32화의 에피소드와 후기 4컷 만화를 수록했다. 이에 더해 반려묘 라인이가 등장하는 표지 그림을 통해 1권과 연결해 시간의 흐름도 느낄 수 있어서 독자의 팬들의 소장욕구를 자극한다.
작가는 귀엽고 아기자기한 그림체로 본인은 극히 평범하다고 주장하는 범상치 않은 일상을 리얼하게 그려낸다. 연재 중·후반에 이르면서 집주인과의 트러블, 이사, 안전 등 좀 더 무거운 소재를 다루면서도 특유의 긍정적인 유머를 잃지 않는 각 에피소드들은 자취를 꿈꾸는 사람은 물론, 자취를 하고 있는 사람들에게서 공감과 안타까움을 끌어낸다. 귀여운 조카 ‘뀨야’와 ‘직장 동료’들의 존재감도 여전하며 작품의 매력을 더한다. 
또한 웹툰 연재 때 독자들의 낙서 욕구를 자극했던 〈자취로운 생활〉 표지를 단행본 한정으로 제공하여 나만의 표지 꾸미기가 가능하다."
1,청언백년 淸言百年 (‘3부자 記者’ 100년의 글자취),https://search.shopping.naver.com/book/catalog/32485026853,https://shopping-phinf.pstatic.net/main_3248502/32485026853.20221229072727.jpg,박규덕^박종권^박종률,27000,인문서원,20180228,9791186542477,"아버지와 두 아들의 기자 생활 100년을 기념해 박규덕(1935~1998) 전 전북일보 주필, 박종권 전 중앙일보 논설위원, 박종률 CBS 논설실장 3부자가 직접 쓴 칼럼과 논평을 발췌해 엮었다. 이 책에는 같은 언론인이면서도 다른 지향을 가진 3부자 기자가 독특한 시선으로 1970년대부터 지금에 이르는 동안의 중요한 사건과 이슈들을 해석한 글을 접할 수 있다. 3부자는 모두 ‘기자’로 출발해 ‘논설위원’을 거쳤고, 언론인으로 입문한 신문사나 방송사를 단 한 번도 옮긴 적이 없다는 공통점을 가졌다. 특히 ‘3부자 기자’는 국내 언론계에 흔하지 않은데다 3부자가 언론인으로 활동한 기간이 100년을 넘은 것도 눈길을 끈다.



언론인의 길을 함께 걸었던 ‘3부자 기자’에게는 올곧은 저널리즘이 관통한다. 故 박규덕 씨는 전두환 군사정권 시절 군(軍)을 가시가 많아 울타리가 제격인 탱자나무에 비유하며 군의 정치 개입을 비판하다 중앙정보부에 끌려가 고초를 당했다. 큰 아들인 박종권 씨는 중앙일보 노동조합 발기인과 전임을 거쳐 한국기자협회 수석부회장으로서 공정언론을 구현하는 데 노력했고, 작은 아들인 박종률 씨는 한국기자협회 초대 직선 회장에 당선된 뒤 연임하며 저널리즘 복원에 힘썼다."
2,꿀키의 밥상 (자취왕 꿀키의 생존 요리 129선),https://search.shopping.naver.com/book/catalog/32504350350,https://shopping-phinf.pstatic.net/main_3250435/32504350350.20221228073134.jpg,이상희,10800,이밥차,20160502,9791195624003,"50만 명이 공감한 요리 1세대 유투버 꿀키, 이상희의 책. 이 책은 요리 초보 주방에서도 손쉽게 만들 수 있는 조리법과 실용적인 레시피로 가득하다. 특히, 꿀키의 레시피로 그럴듯한 한그릇 요리가 되는 시판 제품 요리도 눈여겨 볼만 하다. 또한 책 속에 담긴 레시피들은 하나같이 그 자체가 꿀팁이다.



'Part 1. 꿀키가 알려주는 요리 꿀팁'에서는 양념 고르기부터 알아두면 편한 요리의 잡기술, 요리 살림법 등 꿀키가 경험하고 터득한 꿀팁들을 세세히 담았고, 'Part 2. 재료 탐닉_ 재료 하나로 다양한 요리해 먹기'에서는 가장 만만한 식재료들을 골라 질리지 않고 남김없이 맛있게 먹을 수 있는 다양한 레시피들을 모았다. 'Part 3. 일타이피 _남은 요리로 다른 요리 해먹기'에서는 남은 음식, 재료를 색다른 메뉴 요리해 2배로 즐거운 꿀키만의 레시피를 소개하고, 'Part 4. 일품요리 _ 돈 없을 때 집에서 해먹기'에서는 돈이 없을 때, 혹은 함께할 친구가 없을 때, 집에서도 맛있게 해먹을 수 있는 요리 레시피를 담아냈다."
3,조선역사 천자문: 동악산 항일독립운동의 자취 (일제가 시도한 역사왜곡 교과서),https://search.shopping.naver.com/book/catalog/32486399626,https://shopping-phinf.pstatic.net/main_3248639/32486399626.20230425164302.jpg,박혜범,9000,이담북스,20101101,9788926816202,"일제가 시도한 역사왜곡 교과서『조선역사 천자문: 동악산 항일독립운동의 자취』. 비밀독립군의 일원이었던 경와 선생님이 전한 동악산본의 조선역사 천자문을 1895년 간행한 최초의 한국사 교과서 와 일제가 친일파 심형진을 내세워 왜곡해 만든 과 대조하면서, 우리 역사를 어떻게 말살했는지를 밝힌 책이다."
4,열정의 자취 적도 에콰도르에서 (코이카 중장기자문단 국가 프로젝트),https://search.shopping.naver.com/book/catalog/32496301767,https://shopping-phinf.pstatic.net/main_3249630/32496301767.20221227205947.jpg,우충환,0,시나리오친구들,20131209,9788989538493,"한국국제협력단(KOICA) 중장기자문단의 첫 출간물. KOICA는 2010년부터 중장기자문단을 개도국에 파견하여 국내 퇴직인력의 해외 진출을 활성화하고 해당 분야의 지식과 경험을 전수함으로써 개도국의 경제 사회 발전에 기여하고 있다. 이 책은 에콰도르에서 야차이 국립대학 설립 자문관으로 교육 발전 및 문화교류에 힘쓰고 있는 자문관의 현장 활동담이 생생하게 실려 있는 첫 출간물이다. 



중장기자문관의 활동 경험을 자세하게 담아 KOICA 봉사단원이나 중장기자문관의 해외봉사활동에 관심 있는 독자들에게 큰 도움이 되고자 하였다. 현지 활동 상황을 소상하게 다루었고, 현지 직원들과의 애환과 현지 생활의 적응, 대인 의사소통을 증진하기 위한 내용까지 싣고 있다."
5,간단하고 유용한 자취요리 20선,https://search.shopping.naver.com/book/catalog/45969893620,https://shopping-phinf.pstatic.net/main_4596989/45969893620.20240223054155.jpg,안소진,6900,퍼플,20191108,9788924065695,자취경력 10년차의 온라인판매를 하는 30대 중반 여성입니다.그 동안에 자취하면서 만들어 먹었던 것들을 올렸습니다.많은 도움이 되시길 바라겠습니다.
6,호모 자취엔스 (때론 외롭지만 혼자에 최적화된 1인 가구의 리얼 진화를 담은 자취실용서),https://search.shopping.naver.com/book/catalog/32456881687,https://shopping-phinf.pstatic.net/main_3245688/32456881687.20221227203103.jpg,노수봉,13320,팜파스,20170118,9791170261407,"오늘도 월세 벌러 출근하는 1인들,
독거하며 매일을 살아내는 자취인이라면 소름끼치게 공감할 이야기들

혼자서도 씩씩하게 살아가는 현 세상의 자취인류, 호모 자취엔스들을
프로자취인으로 거듭나게 해 줄 ‘전후무후 자취 실용서!’

아직은 1인 가구라는 말이 낯선 자취인들. 하루가 멀다 하고 뉴스로 쏟아져 나오는 1인 가구에 대한 소식들은 희망적이지 만은 않다. 코딱지만한 집의 월세가 헉! 소리 날 정도에, 집주인의 상상초월 횡포에 서러움을 삼킨다는 등의 비극적인 현실들이 보도된다. 하지만 혼자 사는 삶이 마냥 궁상맞고 서글프기만 한 것은 아니다. 부모님 집에서 독립해 ‘진짜 내 집 살림’을 꾸리고 사는 것은 의외로 재미나고 또 보람차다. 자취집의 가장이 되어 내가 나를 먹여 살리고, 또 구석구석 내가 디자인한 대로 만들고 유지해 나가며 ‘진짜 나’에 대해 온전히 생각하고 알게 되는 공간이기 때문이다."
7,오늘도 솔직하지 못했습니다 (자토의소소한자취일기 | 매일밤이불속에서울고웃는당신을위한핵소심돌직구),https://search.shopping.naver.com/book/catalog/32467092023,https://shopping-phinf.pstatic.net/main_3246709/32467092023.20230920071940.jpg,자토,11700,시공사,20160926,9788952776990,"『오늘도 솔직하지 못했습니다』는 꾸역꾸역 하루를 살아가는 직장인과 자취인들을 위한 에세이다. 자취 생활 10년, 회사 생활 5년 차의 ‘자토(자취 토끼, 본명 하지나)’가 그간 이불 속에서 되뇐 에피소드들을 담고 있다. 문득 이 세상이 버겁게 느껴진 날, 자토처럼 특초밥 세트를 앞에 두고 이렇게 외쳐보는 건 어떨까? “난이도 높은 세상, 어차피 살아가야 한다면 오늘도 즐겁게 살아주마”라고."
8,마음 오디세이아 1(큰글자도서) (그리스 여신들의 자취를 따라 떠나는 여행),https://search.shopping.naver.com/book/catalog/38341680620,https://shopping-phinf.pstatic.net/main_3834168/38341680620.20231031080005.jpg,고혜경,39000,나무연필,20230303,9791187890485,"그리스 신화는 우리 마음을 다채롭게 읽어내는 렌즈다
여신들의 드라마를 길잡이 삼아 탐색한 여성의 내면세계

고대 그리스 신화는 마르지 않는 샘물과도 같아서 오늘날에도 거듭 해석되어 관련 저작과 예술 작품이 생산되고 있다. 신화학 박사이자 심층심리학 연구자인 고혜경은 이 대열에 동참하여 머나먼 신화의 세계를 지금 이곳으로 불러온다. 마음의 원형이자 정신의 체현으로서 그리스 신들을 해석하고, 이를 바탕으로 현대인의 심리적 드라마를 파고들어 분석한다. 신화학을 바탕으로 심리학을 더해 펼쳐 보인 참신한 시도다.
이번 책에서 본격적으로 다룬 것은 올림포스를 대표하는 여섯 여신이다. 데메테르와 아테나를 통해서는 모녀와 부녀 사이의 끈끈한 결합에서 이어지는 빛과 그림자의 지형을 살핀다. 헤라를 거치면서 준엄한 혼인 서약을 맺은 뒤 펼쳐지는 부부의 세계를, 아르테미스를 경유하여 현대 여성에게 가장 미발달한 주제인 야성의 영역을 탐색한다. 아프로디테를 통해 아름다움과 사랑이 삶에 더하는 풍요를, 헤스티아를 통해서는 어지러운 세상에서 중심을 잡고 온기를 지켜 나가는 지혜를 짚어본다. 기록으로 남은 신화에 구전 설화와 고고학적 증거까지 참조하여 여신들의 세계를 풍부하게 해석해낸다.
그렇다면 신화는 어떻게 지금 우리의 마음을 읽는 길잡이가 될 수 있을까. 인간의 마음속에는 다양한 감정과 생각과 이미지가 있는데, 이들은 시시때때로 충돌한다. 외부적으로는 이분법과 흑백논리가 횡행하는 시대라 이 복잡다단한 마음을 다뤄내는 것은 더욱 만만치 않을 터. 심층심리학자로서 필자는 우리 마음의 다양한 면면을 잘 수용할 때 자기 자신에 대한 깊은 이해에 다다를 수 있고, 삶을 바라보는 다층적 시각이 마련된다고 말한다. 그리고 인간의 마음이 빚어낸 신화가 우리의 마음을 오롯이 수용하는 데 참조할 만한, 매우 유용한 텍스트임을 보여준다.
그리스의 신들은 심각하게 다툼을 벌이다가도 이내 화해하곤 한다. 제멋대로인 듯하지만 각자 고유한 영역과 힘을 철저히 존중하고, 그러면서도 각기 온전하다. 이처럼 서로 다른 것들이 만들어내는 조화, 그것이 올림포스의 이상이자 그리스 신화의 본질이라고 필자는 말한다. 그리스 신들의 세계를 거울삼아 복잡다단한 내면에 있는 각각의 힘들을 그 자체로 인정하면서 동시에 이들 사이의 조화를 모색하려 한다면, 그렇게 내딛는 발걸음이 바로 마음의 오디세이아일 것이다. 신화라는 새로운 렌즈를 통해 자신과 세상을 바라볼 때, 이제까지 미처 알지 못했던 것을 발견하게 될 것이다. 또 다른 세계를 만나게 될 것이다.

큰글자도서 소개
리더스원의 큰글자도서는 글자가 작아 독서에 어려움을 겪는 모든 분들에게 편안한 독서 환경을 제공함으로써 책 읽기의 즐거움을 되찾아 드리고자 합니다."
9,"셰익스피어 (런던에서 아테네까지, 셰익스피어의 450년 자취를 찾아)",https://search.shopping.naver.com/book/catalog/32460051870,https://shopping-phinf.pstatic.net/main_3246005/32460051870.20230131162742.jpg,황광수,16920,아르테(arte),20180417,9788950974107,"저자는 총 스물한 곳에 이르는 셰익스피어 작품의 배경지를 방문했으며, 이 책을 위해 셰익스피어 작품의 모든 인용문을 직접 우리말로 옮겼다. 또한 각 장이 끝날 때마다 셰익스피어의 사극과 시 시계, 그리고 셰익스피어 문학의 전체적 특징과 현재적 의미를 살펴보는 글을 실었다. 이 글들은 기행의 형식에 담지 못한 셰익스피어 문학의 성격과 내용을 좀 더 깊이 있게 다루고 있다.

이 책의 가장 큰 장점이자 다른 셰익스피어의 책들과 구분되는 특징은 단순히 셰익스피어의 생애와 작품에 대한 객관적 지식을 나열하는 데 그치지 않고, 인간 셰익스피어와 작가 셰익스피어에게 의미 있는 주요 장소들을 직접 찾아간 취재 기행의 기록이라는 점이다. 작가의 공간이 창작에 미친 영향을 이해하는 순간 작품은 더 깊은 내러티브를 갖게 된다."
0,마음 오디세이아 1 (그리스 여신들의 자취를 따라 떠나는 여행),https://search.shopping.naver.com/book/catalog/34541783618,https://shopping-phinf.pstatic.net/main_3454178/34541783618.20230919122433.jpg,고혜경,17100,나무연필,20220908,9791187890423,"내면 생태계는 단일하지 않다. 다면적이고 중심이 여럿이다. 서로 다른 욕구, 의도, 스타일, 방향성을 가진 다수가 공존하니 복잡다단할 수밖에 없다. 상호 모순된 감정 때문에 마음이 찢기고, 이러지도 저러지도 못한 채 헤어나지 못하고, 내 마음을 나도 모르겠다는 탄식을 뱉는 것은 이 때문이다. 고대 그리스는 다중심적인 마음 패턴을 풍성하고 정교하게 그려낸, 지구상에 전무후무한 신화권이다. 여기에서 피어난 다신관은 복잡다단한 인간 정신을 상상하는 데 매우 빼어난 은유다. 다름을 존중하는 가운데 균형과 조화를 꾀하는 것, 이것이 그리스의 이상이다. 
따라서 그리스 신화는 ‘잘 분화된 통합’ 혹은 ‘다채로운 조화’를 모색하는 심리학적 모델이기도 하다. 이 책은 흑백논리나 이분법으로 인해 극단으로 분열되어 신음하는 현시대에 대한 심리학적 대안을 모색해본 작업이다. 그리스인의 방식으로, 우리 모두 그리스인이 되어 동시대의 내면을 탐색하고 진단해보고자 펼친 장이다. _‘머리말’에서"
1,멸종 위기 동식물 무엇이 문제일까? (인간 때문에 지구에서 자취를 감춘 동식물들),https://search.shopping.naver.com/book/catalog/32485535402,https://shopping-phinf.pstatic.net/main_3248553/32485535402.20230718121638.jpg,이억주,13500,동아엠앤비,20210805,9791163635215,"지금까지 5번의 대멸종이 있었다
6번째 대멸종은 현재 진행형이다 

멸종이란 생물의 한 종이 아주 없어지는 것을 말한다. 중생대 백악기가 끝나는 6500만 년 전 공룡이 지구상에서 완전히 자취를 감춘 것도 바로 멸종이다. 짧은 기간 내에 대규모의 멸종이 발생하는 것을 대멸종이라고 한다. 놀랍게도 지구는 지금까지 5번의 대멸종을 거치며 주인을 바꿔 왔다. 그리고 인류가 만물의 영장으로 등극한 이래, 지구는 지금 6번째 대멸종의 위기에 직면해 있다. 20세기 이후 급격한 산업화로 인해 동식물들의 서식지가 사라지고 있는 것이 그 주된 이유이다. 

그렇다. 6번째 대멸종이 일어난다면 그 원인은 운석 충돌이나 지각 변동 등의 천재지변이 아니라 바로 인간에 의한 것이리라. 이미 지난 50여 년 사이에 셀 수 없이 많은 종의 동식물이 지구상에서 사라져 사진이나 박제로만 그 모습을 확인할 수 있는 지경에 이르렀다. 지금 이 순간에도 지구 어디에선가는 하나의 종의 소멸해 가고 있는 것이다.

미래를 준비하는 청소년을 위한
지구 동식물들과의 공존법
 
만약 이러한 상황에 조금이라도 경각심을 느꼈다면, 또는 책임감을 가지게 되었다면 이 책을 탐독해 보기를 권장한다. 이 책은 지구가 탄생한 이래 어떤 동식물들이 지구상에서 태어나, 어떻게 종이 소멸되어 갔는지 그 역사를 생생하게 전달하고 있다. 지구라는 거대한 둥지를 공유하는 동물과 식물들 사이에서 벌어지는 생존 경쟁을 다룬 흥미 깊은 레포트와 지금의 지구와 야생동물들을 지키기 위해 인류가 담당해야 할 역할에 대해서도 소개하고 있다.

또한 현재 멸종 위기에 빠져있는 야생동물들에 대한 자세한 설명과 에피소드, 사진들을 담아 도감으로서의 활용도도 충분하다. 평소에 접하지 못한 희귀한 동물들의 신기한 생태에 대해서 알아볼 수 있는 좋은 기회가 될 것이다.

'10대들이 꼭 읽어야 할 사회ㆍ과학교양'이라는 시리즈명에서도 짐작할 수 있듯이 미래를 살아갈 청소년들이 진지하게 생각해야 하는 이슈들만 담고 있으며 각 부마다 '꼭꼭 씹어 생각 정리하기'라는 코너를 배치해 단순한 지식 전달에 그치지 않도록 노력했다."
2,"아, 유마 (그의 자취없는 모습과 한국불교가 가야할 길)",https://search.shopping.naver.com/book/catalog/33434976638,https://shopping-phinf.pstatic.net/main_3343497/33434976638.20221228074357.jpg,이재운,7200,도피안사,20090512,9788990223463,"『유마와 수자타의 대화』 시리즈 4권을 읽고, 진리의 근원인 마음을 찾아 헤맸던 '유마'의 행로를 따라 답사한 취재기, '이 시대 한국을 찾아온 인도 비야리성의 유마거사'와 광덕스님의 뜻에서 본 한국불교의 진로를 살펴 본, '한국불교가 가야 할 길'을 수록하고 있다. 『소설 토정비결』의 저자 이재운과 『광덕스님시봉일기』의 저자 송암지원은 각각의 저술에서 한국불교의 미래를 제시한다."
3,자취생 사로잡는 101가지 요리비법,https://search.shopping.naver.com/book/catalog/32441513698,https://shopping-phinf.pstatic.net/main_3244151/32441513698.20230427071839.jpg,김경미,13500,파프리카(교문사),20090723,9788936310035,"준비해야 될 것이 너무 많은 요리책에 반감을 갖고 있는 사람을 위한 요리책

혼자 사는 사람들은 밖에서 밥을 사 먹거나 끼니를 대강 해결하는 경우가 많다. 사람이 매번 집에서 한 끼 잘 차려 먹기가 쉽지 않기 때문이다. 싱글족들의 이유 없는 굶주림을 해결하기 위해 전직 비서, 간호사이자 바리스타, 국어강사 등으로 활동했던 7명의 싱글들이 뭉쳤다."
4,1인분 레시피(Single Cooking Recipes) (요리 못해도 OK! 초간단 자취요리 레시피 74),https://search.shopping.naver.com/book/catalog/32455977114,https://shopping-phinf.pstatic.net/main_3245597/32455977114.20221229071647.jpg,이상희,8550,경향BP,20140526,9788969520265,"이제 막 생활요리를 시작한 싱글족들을 위한 초간단 레시피!

『1인분 레시피(SINGLE COOKING RECIPES)』는 인스턴트 제품과 배달음식에 질릴 때, 생활비 적자에 외식비를 줄이기 위해 이제 막 생활요리를 시작한 싱글족들을 위한 레시피 북이다. 이 책은 자취 10년 차 꿀키가 덮밥부터 한식, 안주, 브런치, 디저트, 손님상까지 자취생들을 위한 1인 레시피를 공개한다. 요리 초보도 적은 비용으로 집에서 해먹을 수 있도록 도왔다. 특히 이 책에서는 시판 제품을 적극 활용하였으며, 조리과정을 최소로 줄여 편의를 더했다. 설거지거리가 쌓이는 것을 싫어하고 복잡한 조리 과정에 질려 하는 싱글족들을 위한 초간단 레시피만을 엄선했다."
5,"고흐의 집을 아시나요? (화가들의 삶의 자취를 따라 떠나는 프랑스 미술 여행, 개정판)",https://search.shopping.naver.com/book/catalog/32454325512,https://shopping-phinf.pstatic.net/main_3245432/32454325512.20230811071445.jpg,최내경,11250,청어람장서가(장서가),20110901,9788993912562,"'고흐의 집 maison de Van Gogh'이란 고흐가 오베르 시절에 묵었던 라부 여인숙을 말한다. 1890년에 권총자살한 바로 그 방이 있는 곳으로, 지금은 작은 박물관이 되어 많은 관광객을 맞고 있다. 오베르에는 또한 드가와 고흐 그림의 배경이 되었던 카페('압생트 박물관')와 풍경화가였던 도비니의 작품들이 있는 '도비니 미술관'이 있다.



이 책은 불문학을 공부했고, 미술 관련서들을 번역하기도 한 지은이가 엮은 프랑스 미술관 여행 안내서이다. 고흐의 자취가 남아 있는 오베르 외에 밀레의 아틀리에가 있는 바르비종, 레오나르도 다 빈치 박물관이 있는 클로 뤼세, 샤갈, 마티스, 르누아르의 미술관이 있는 니스 등을 소개하고 있다. 물론 세계적인 미술관이 모여있는 파리가 빠지지 않았고, 향수로 유명한 그라스도 포함되었다.



모두 30개의 미술관/박물관을 안내한다. 각 미술관의 주소와 입장료, 관람시간, 전화번호 등 기본적인 정보와 함께 여행하면서 찍은 사진과 관련 도판을 수록했다. 글에는 미술가들과 작품에 대한 소개, 도시와 건물 모습에 대한 묘사, 지은이의 느낌 등이 담겨 있다. 보통의 여행안내서에는 잘 나오지 않는, 하지만 나름의 멋과 의미가 있는 작은 미술관들을 소개한 부분이 눈에 띈다.



랭보의 '감각'이라는 시를 소개하며 이 책을 마치고 있는 지은이는, '어떤 지식이나 정보수집을 위함이 아니라, 이 시에서처럼 방랑자가 되어 이 책에서 소개한 곳으로 한번 떠나보길' 바란다면서 '약간의 상상력만 있다면 이 책만으로도 멋진 여행을 할 수 있을 것'이라 말하고 있다."
6,수상한 그녀의 밥상 2 (자취인들을 위한 생활밀착형 집밥요리만화),https://search.shopping.naver.com/book/catalog/32436317775,https://shopping-phinf.pstatic.net/main_3243631/32436317775.20220527032456.jpg,두순,0,위즈덤하우스(예담),20160705,9788959130306,"칼퇴근을 부르는 '집밥'의 매력!

두순 만화 『수상한 그녀의 밥상』제2권. ‘올레마켓웹툰’에서 누적응원 85만여 건을 기록한 두순의 인기작이 드디어 책으로 출간되었다. 주민자치센터 공무원인 구지영의 리얼 집밥 이야기를 담은 이 책은 오직 단행본에서만 만나볼 수 있는 86가지 뚝딱레시피를 작가가 직접 만들고 찍은 사진과 함께 수록했다. 

그 누구와도 어울리지 않고, 퇴근하면 집으로 가기 바쁘다. 발랄하고 귀여운 동료 여직원인 오예리가 맛있는 커피 마시러 가자며 다가가지만, 단호하게 거절하고 집으로 향하는 그녀. 수상한 그녀가 집으로 급히 향한 이유는 무엇일까? 

간단하고도 맛있게 만들 수 있는 계란간장밥 ㆍ 비빔국수 ㆍ 콩나물비빔밥 ㆍ 배추전 등에서부터, 남은 음식을 활용한 치킨마요덮밥 ㆍ 전찌개 ㆍ 참치밥그랑땡 ㆍ 순대볶음 등에다가, 디저트로 달콤한 러스크와 뻥튀기아이스크림 ㆍ 핫초콜릿에 이르기까지……. 재미없다고 생각한 삶 속에서 고소하고 짭짤한 일들도 알싸하게 매운 사건들도 있지만, 그런 다양한 음식들을 먹어가며 조금씩 더 성장해가는 모습들을 볼 수 있다."
7,수상한 그녀의 밥상 1 (자취인들을 위한 생활밀착형 집밥요리만화),https://search.shopping.naver.com/book/catalog/32493618871,https://shopping-phinf.pstatic.net/main_3249361/32493618871.20220527060131.jpg,두순,0,위즈덤하우스(예담),20160705,9788959130290,"칼퇴근을 부르는 '집밥'의 매력!

두순 만화 『수상한 그녀의 밥상』제1권. ‘올레마켓웹툰’에서 누적응원 85만여 건을 기록한 두순의 인기작이 드디어 책으로 출간되었다. 주민자치센터 공무원인 구지영의 리얼 집밥 이야기를 담은 이 책은 오직 단행본에서만 만나볼 수 있는 86가지 뚝딱레시피를 작가가 직접 만들고 찍은 사진과 함께 수록했다. 

그 누구와도 어울리지 않고, 퇴근하면 집으로 가기 바쁘다. 발랄하고 귀여운 동료 여직원인 오예리가 맛있는 커피 마시러 가자며 다가가지만, 단호하게 거절하고 집으로 향하는 그녀. 수상한 그녀가 집으로 급히 향한 이유는 무엇일까? 

간단하고도 맛있게 만들 수 있는 계란간장밥 ㆍ 비빔국수 ㆍ 콩나물비빔밥 ㆍ 배추전 등에서부터, 남은 음식을 활용한 치킨마요덮밥 ㆍ 전찌개 ㆍ 참치밥그랑땡 ㆍ 순대볶음 등에다가, 디저트로 달콤한 러스크와 뻥튀기아이스크림 ㆍ 핫초콜릿에 이르기까지……. 재미없다고 생각한 삶 속에서 고소하고 짭짤한 일들도 알싸하게 매운 사건들도 있지만, 그런 다양한 음식들을 먹어가며 조금씩 더 성장해가는 모습들을 볼 수 있다."
8,수학과 문명의 스케치 (수학의 역사와 함께한 인류 문명의 위대한 발자취),https://search.shopping.naver.com/book/catalog/32438306663,https://shopping-phinf.pstatic.net/main_3243830/32438306663.20240424082503.jpg,김진용,12150,경문사,20160305,9788961059596,"[수학과 문명의 스케치]는 수학의 역사와 함께한 인류 문명의 발자취를 다룬 책이다. 소크라테스, 아리스토텔레스, 소수정리, 위상수학 등 내용을 수록하고 있다."
9,수학과 문명의 스케치 (수학의 역사와 함께한 인류 문명의 위대한 발자취),https://search.shopping.naver.com/book/catalog/32496178994,https://shopping-phinf.pstatic.net/main_3249617/32496178994.20220527082024.jpg,김진용,0,경문사,20140630,9788961058025,『수학과 문명의 스케치』는 인류가 이룩한 수학과 과학문명의 역사를 정리한 책이다. 지루하고 딱딱하였던 수학에서 벗어나 문명의 역사와 연관된 수학의 모습을 개략적이나마 보이고자 하였다.
0,"좌충우돌 신혼요리 (자취 10년, 신혼 1년차 주부의 현실 밀착형 실전 요리 75가지!)",https://search.shopping.naver.com/book/catalog/32485092963,https://shopping-phinf.pstatic.net/main_3248509/32485092963.20221228072327.jpg,정유선,12150,꽃숨,20170301,9788958762096,"일러스트레이터이자 그래픽디자이너인 저자가 결혼 전부터 오랜 시간 수첩에 그려온 레시피로 신혼 밥상을 차린다. 실전에 바로 써먹을 수 있는 75가지 요리들을 일러스트와 함께 선보이고 있다. 



&lt;신혼이니까 달달하게! 애피타이저와 브런치&gt;와 &lt;우리의 긴긴 밤을 위하여! 술안주와 야식&gt; 파트에는 깨 볶는 신혼의 일상이 담긴 요리를 소개했다. 간단하게 만들면서도 요즘 젊은이들의 입맛에 꼭 맞는 일품요리들이다. &lt;결혼 즉시 깨달은 삼시 세끼 해결의 시급함! 야심찬 매일밥상&gt;은 그야말로 집밥. 평소 즐겨 먹던 메뉴에 친정엄마표 요리 팁을 더해 자신 있게 차려냈다. &lt;친정엄마와 선배들에게 비법을 전수 받은 손님초대음식&gt;은 어른을 모실 때 내면 좋은 음식과 친구들을 초대한 자리에 내면 좋은 음식들이다. 끝으로 &lt;시시콜콜 수다 떨고 영화도 보면서! 간식과 디저트&gt; 파트에는 카페에 갈 필요 없이 집에서 즐기는 달콤한 서브 메뉴를 모았다."
1,가장 안쪽에서 가장 먼 곳까지 (마음의 자취를 따라간 1년의 여행),https://search.shopping.naver.com/book/catalog/33811860768,https://shopping-phinf.pstatic.net/main_3381186/33811860768.20221228072955.jpg,박유미,0,퍼플,20130723,9788924009729,"-  배낭 하나 메고 삶의 한복판으로 뛰어들어간, 어느 청춘의 성장기.
   베트남, 인도, 스페인, 모로코, 루마니아…… 23개국을 누빈 1년의 시간. 
   그녀를 그 먼 길로 떠나게 한 것은, 그 먼 곳에 머무르게 한 것은 과연 무엇일까.
   


 오랜 여행의 시작에는 단지 한 권의 책이 있었다. 작년 이맘때 교보문고 신간코너를 서성이다가 우연히 발견한 학교 선배의 자서전이었다. 평범한 인문계 대학원생에서 인도 고전무용 전수자로 삶의 이주를 선택한 그녀의 이야기. 나는 내가 지금까지 매끈한 거울처럼 알고 있던 삶의 단면이 수십, 수백개로 쪼개지는 느낌을 받았다. 

 그날 나는 책날개에 적힌 주소로 이메일을 보냈다. 고맙다고, 정말 고맙다고, 그동안 나만 혼자 이렇게 아픈 줄 알았다고. 놀랍게도 이틀 후 우리는 함께 저녁을 먹었다. 짧은 시간동안 그녀는 많은 이야기를 들려주었다. 그리고 말했다. ""강화에 다녀오면 도움이 많이 될 거에요.""

 이 책은 그날 이후 1년의 시간에 대한 기록이다. 베트남에서 모로코까지 세계 23개국을 떠돈 이 긴 여행도 처음에는 그저 닷새의 강화 여행 일정이 전부였다. 마치 한 사람이 또 다른 사람을 소개해주듯 길 위의 매 순간과 만남들은 나를 또 다른 여행으로 인도했다. 홍콩의 여행자 숙소는 오스트리아 빈의 오페라타로,  인도 케랄라의 자원봉사로, 프랑스 떼제의 공동체 생활로, 스페인 산티아고 순례길로 나를 이끌었다. 

 생의 가장 어설픈 순간에 들어선 나만큼 이 책도 아직 덜 익어 풋내가 날 터이다. 그러나 한 권의 책이 때로는 새로운 생각을, 새로운 몸을 만든다고 믿는다. 내 책이 당신의 ‘바로 그 책’이기를 바라지는 않아도, 책을 덮고 나서 당신이 조금은 흔들렸으면 좋겠다."
2,"1인 가구 맞춤 요리책 (자취생, 싱글 직장인, 기러기아빠, 주말부부까지 혼자서 잘 차려먹기)",https://search.shopping.naver.com/book/catalog/32485083203,https://shopping-phinf.pstatic.net/main_3248508/32485083203.20220527024837.jpg,월간 수퍼레시피,0,레시피팩토리,20131218,9791185473000,"1인 가구들의 목소리를 적극 반영한 맞춤 레피시!

작은 주방에서 적은 재료로 만드는 1인 가구 맞춤 메뉴 150개 『1인 가구 맞춤 요리책』. 자취생, 싱글 직장인, 기러기 아빠까지 늘어나는 1인 가구를 위한 맞춤 메뉴를 소개한 책이다. 요리잡지 ‘수퍼레시피’에서 진행한 독자 모임의 의견을 바탕으로 최소한의 조리도구, 양념, 재료들을 사용한 메뉴들을 엄선했다.

칼질을 많이 해야 하는 조리법은 피하고, 후다닥 볶아내는 조리법, 냉동했다가 해동해도 질감 차이가 크지 않은 재료를 활용한 레시피를 다양하게 담았다. 또한 친구들이 놀러 왔을 때 후다닥 만들 수 있는 조금 폼나는 안주 겸용 메뉴들까지 1인 가구만을 위한 요리들을 충실하게 선보인다. 더불어 남는 재료와 음식처리, 남은 음식 새롭게 활용하는 방법 등 혼자 사는 사람들의 실질적인 고민들을 반영하여 고충을 해결한다."
3,"한국해외문화유적답사비평 (해외에 방치된 우리의 역사를 찾아서 자취를 잃어버린 보물, 외면하고 있는 문화유적)",https://search.shopping.naver.com/book/catalog/32496820618,https://shopping-phinf.pstatic.net/main_3249682/32496820618.20221229073923.jpg,최근식,13500,어드북스,20130610,9788958451068,"해외에 방치된 우리의 역사를 찾아서 『한국해외문화유적답사비평』. 고려대학교 최근식 연구교수의 한국해외문화유적 답사 비평기이다. 중국 관련 7편, 일본 3편, 영국 1편, 독일 1편, 베트남 1편, 짐바브웨 1편과 부록으로 논문 1편 및 소론 2편으로 구성했다."
